[32m[Nest] 144508  - [39m2026/09/14 00:28:22 [32m    LOG[39m [38;5;3m[NestFactory] [39m[32mStarting Nest application...[39m
[32m[Nest] 144508  - [39m2026/09/14 00:28:22 [32m    LOG[39m [38;5;3m[InstanceLoader] [39m[32mPrismaModule dependencies initialized[39m[38;5;3m +25ms[39m
[32m[Nest] 144508  - [39m2026/09/14 00:28:22 [32m    LOG[39m [38;5;3m[InstanceLoader] [39m[32mPassportModule dependencies initialized[39m[38;5;3m +1ms[39m
[32m[Nest] 144508  - [39m2026/09/14 00:28:22 [32m    LOG[39m [38;5;3m[InstanceLoader] [39m[32mAuditModule dependencies initialized[39m[38;5;3m +4ms[39m
[32m[Nest] 144508  - [39m2026/09/14 00:28:22 [32m    LOG[39m [38;5;3m[InstanceLoader] [39m[32mMusicModule dependencies initialized[39m[38;5;3m +0ms[39m
[32m[Nest] 144508  - [39m2026/09/14 00:28:22 [32m    LOG[39m [38;5;3m[InstanceLoader] [39m[32mConfigHostModule dependencies initialized[39m[38;5;3m +0ms[39m
[32m[Nest] 144508  - [39m2026/09/14 00:28:22 [32m    LOG[39m [38;5;3m[InstanceLoader] [39m[32mJwtModule dependencies initialized[39m[38;5;3m +0ms[39m
[32m[Nest] 144508  - [39m2026/09/14 00:28:22 [32m    LOG[39m [38;5;3m[InstanceLoader] [39m[32mConfigModule dependencies initialized[39m[38;5;3m +1ms[39m
[32m[Nest] 144508  - [39m2026/09/14 00:28:22 [32m    LOG[39m [38;5;3m[InstanceLoader] [39m[32mAppModule dependencies initialized[39m[38;5;3m +0ms[39m
[32m[Nest] 144508  - [39m2026/09/14 00:28:22 [32m    LOG[39m [38;5;3m[InstanceLoader] [39m[32mConsoleModule dependencies initialized[39m[38;5;3m +1ms[39m
[32m[Nest] 144508  - [39m2026/09/14 00:28:22 [32m    LOG[39m [38;5;3m[InstanceLoader] [39m[32mWalletModule dependencies initialized[39m[38;5;3m +0ms[39m
[32m[Nest] 144508  - [39m2026/09/14 00:28:22 [32m    LOG[39m [38;5;3m[InstanceLoader] [39m[32mRegionModule dependencies initialized[39m[38;5;3m +0ms[39m
[32m[Nest] 144508  - [39m2026/09/14 00:28:22 [32m    LOG[39m [38;5;3m[InstanceLoader] [39m[32mProjectModule dependencies initialized[39m[38;5;3m +0ms[39m
[32m[Nest] 144508  - [39m2026/09/14 00:28:22 [32m    LOG[39m [38;5;3m[InstanceLoader] [39m[32mPublishModule dependencies initialized[39m[38;5;3m +0ms[39m
[32m[Nest] 144508  - [39m2026/09/14 00:28:22 [32m    LOG[39m [38;5;3m[InstanceLoader] [39m[32mAssetModule dependencies initialized[39m[38;5;3m +0ms[39m
[32m[Nest] 144508  - [39m2026/09/14 00:28:22 [32m    LOG[39m [38;5;3m[InstanceLoader] [39m[32mStatsModule dependencies initialized[39m[38;5;3m +0ms[39m
[32m[Nest] 144508  - [39m2026/09/14 00:28:22 [32m    LOG[39m [38;5;3m[InstanceLoader] [39m[32mOrderModule dependencies initialized[39m[38;5;3m +0ms[39m
[32m[Nest] 144508  - [39m2026/09/14 00:28:22 [32m    LOG[39m [38;5;3m[InstanceLoader] [39m[32mTicketModule dependencies initialized[39m[38;5;3m +0ms[39m
[32m[Nest] 144508  - [39m2026/09/14 00:28:22 [32m    LOG[39m [38;5;3m[InstanceLoader] [39m[32mMessageModule dependencies initialized[39m[38;5;3m +0ms[39m
[32m[Nest] 144508  - [39m2026/09/14 00:28:22 [32m    LOG[39m [38;5;3m[InstanceLoader] [39m[32mTemplateModule dependencies initialized[39m[38;5;3m +0ms[39m
[32m[Nest] 144508  - [39m2026/09/14 00:28:22 [32m    LOG[39m [38;5;3m[InstanceLoader] [39m[32mAgentModule dependencies initialized[39m[38;5;3m +0ms[39m
[32m[Nest] 144508  - [39m2026/09/14 00:28:22 [32m    LOG[39m [38;5;3m[InstanceLoader] [39m[32mAuthModule dependencies initialized[39m[38;5;3m +0ms[39m
[32m[Nest] 144508  - [39m2026/09/14 00:28:22 [32m    LOG[39m [38;5;3m[InstanceLoader] [39m[32mAdminModule dependencies initialized[39m[38;5;3m +1ms[39m
[32m[Nest] 144508  - [39m2026/09/14 00:28:22 [32m    LOG[39m [38;5;3m[RoutesResolver] [39m[32mAppController {/}:[39m[38;5;3m +13ms[39m
[32m[Nest] 144508  - [39m2026/09/14 00:28:22 [32m    LOG[39m [38;5;3m[RouterExplorer] [39m[32mMapped {/, GET} route[39m[38;5;3m +1ms[39m
[32m[Nest] 144508  - [39m2026/09/14 00:28:22 [32m    LOG[39m [38;5;3m[RouterExplorer] [39m[32mMapped {/health, GET} route[39m[38;5;3m +1ms[39m
[32m[Nest] 144508  - [39m2026/09/14 00:28:22 [32m    LOG[39m [38;5;3m[RoutesResolver] [39m[32mHealthController {/api/health}:[39m[38;5;3m +0ms[39m
[32m[Nest] 144508  - [39m2026/09/14 00:28:22 [32m    LOG[39m [38;5;3m[RouterExplorer] [39m[32mMapped {/api/health, GET} route[39m[38;5;3m +0ms[39m
[32m[Nest] 144508  - [39m2026/09/14 00:28:22 [32m    LOG[39m [38;5;3m[RoutesResolver] [39m[32mAuthController {/api/auth}:[39m[38;5;3m +0ms[39m
[32m[Nest] 144508  - [39m2026/09/14 00:28:22 [32m    LOG[39m [38;5;3m[RouterExplorer] [39m[32mMapped {/api/auth/register, POST} route[39m[38;5;3m +0ms[39m
[32m[Nest] 144508  - [39m2026/09/14 00:28:22 [32m    LOG[39m [38;5;3m[RouterExplorer] [39m[32mMapped {/api/auth/login, POST} route[39m[38;5;3m +1ms[39m
[32m[Nest] 144508  - [39m2026/09/14 00:28:22 [32m    LOG[39m [38;5;3m[RouterExplorer] [39m[32mMapped {/api/auth/refresh, POST} route[39m[38;5;3m +0ms[39m
[32m[Nest] 144508  - [39m2026/09/14 00:28:22 [32m    LOG[39m [38;5;3m[RouterExplorer] [39m[32mMapped {/api/auth/me, POST} route[39m[38;5;3m +0ms[39m
[32m[Nest] 144508  - [39m2026/09/14 00:28:22 [32m    LOG[39m [38;5;3m[RouterExplorer] [39m[32mMapped {/api/auth/me, GET} route[39m[38;5;3m +0ms[39m
[32m[Nest] 144508  - [39m2026/09/14 00:28:22 [32m    LOG[39m [38;5;3m[RouterExplorer] [39m[32mMapped {/api/auth/access, GET} route[39m[38;5;3m +0ms[39m
[32m[Nest] 144508  - [39m2026/09/14 00:28:22 [32m    LOG[39m [38;5;3m[RouterExplorer] [39m[32mMapped {/api/auth/apply-provider, POST} route[39m[38;5;3m +0ms[39m
[32m[Nest] 144508  - [39m2026/09/14 00:28:22 [32m    LOG[39m [38;5;3m[RouterExplorer] [39m[32mMapped {/api/auth/submit-provider-review, POST} route[39m[38;5;3m +0ms[39m
[32m[Nest] 144508  - [39m2026/09/14 00:28:22 [32m    LOG[39m [38;5;3m[RouterExplorer] [39m[32mMapped {/api/auth/provider/expand-services, POST} route[39m[38;5;3m +1ms[39m
[32m[Nest] 144508  - [39m2026/09/14 00:28:22 [32m    LOG[39m [38;5;3m[RouterExplorer] [39m[32mMapped {/api/auth/provider/approve-services, POST} route[39m[38;5;3m +0ms[39m
[32m[Nest] 144508  - [39m2026/09/14 00:28:22 [32m    LOG[39m [38;5;3m[RouterExplorer] [39m[32mMapped {/api/auth/me, PATCH} route[39m[38;5;3m +0ms[39m
[32m[Nest] 144508  - [39m2026/09/14 00:28:22 [32m    LOG[39m [38;5;3m[RouterExplorer] [39m[32mMapped {/api/auth/change-password, POST} route[39m[38;5;3m +0ms[39m
[32m[Nest] 144508  - [39m2026/09/14 00:28:22 [32m    LOG[39m [38;5;3m[RoutesResolver] [39m[32mAdminController {/api/admin}:[39m[38;5;3m +0ms[39m
[32m[Nest] 144508  - [39m2026/09/14 00:28:22 [32m    LOG[39m [38;5;3m[RouterExplorer] [39m[32mMapped {/api/admin/users, GET} route[39m[38;5;3m +0ms[39m
[32m[Nest] 144508  - [39m2026/09/14 00:28:22 [32m    LOG[39m [38;5;3m[RouterExplorer] [39m[32mMapped {/api/admin/users/:id, GET} route[39m[38;5;3m +0ms[39m
[32m[Nest] 144508  - [39m2026/09/14 00:28:22 [32m    LOG[39m [38;5;3m[RouterExplorer] [39m[32mMapped {/api/admin/users/:id/status, POST} route[39m[38;5;3m +0ms[39m
[32m[Nest] 144508  - [39m2026/09/14 00:28:22 [32m    LOG[39m [38;5;3m[RouterExplorer] [39m[32mMapped {/api/admin/users/:id/role, POST} route[39m[38;5;3m +0ms[39m
[32m[Nest] 144508  - [39m2026/09/14 00:28:22 [32m    LOG[39m [38;5;3m[RouterExplorer] [39m[32mMapped {/api/admin/provider-review, GET} route[39m[38;5;3m +0ms[39m
[32m[Nest] 144508  - [39m2026/09/14 00:28:22 [32m    LOG[39m [38;5;3m[RouterExplorer] [39m[32mMapped {/api/admin/provider-review/:id/approve, POST} route[39m[38;5;3m +0ms[39m
[32m[Nest] 144508  - [39m2026/09/14 00:28:22 [32m    LOG[39m [38;5;3m[RouterExplorer] [39m[32mMapped {/api/admin/provider-review/:id/reject, POST} route[39m[38;5;3m +1ms[39m
[32m[Nest] 144508  - [39m2026/09/14 00:28:22 [32m    LOG[39m [38;5;3m[RouterExplorer] [39m[32mMapped {/api/admin/provider-review/:id, PATCH} route[39m[38;5;3m +0ms[39m
[32m[Nest] 144508  - [39m2026/09/14 00:28:22 [32m    LOG[39m [38;5;3m[RouterExplorer] [39m[32mMapped {/api/admin/withdrawals, GET} route[39m[38;5;3m +0ms[39m
[32m[Nest] 144508  - [39m2026/09/14 00:28:22 [32m    LOG[39m [38;5;3m[RouterExplorer] [39m[32mMapped {/api/admin/withdrawals/:id/approve, POST} route[39m[38;5;3m +0ms[39m
[32m[Nest] 144508  - [39m2026/09/14 00:28:22 [32m    LOG[39m [38;5;3m[RouterExplorer] [39m[32mMapped {/api/admin/withdrawals/:id/reject, POST} route[39m[38;5;3m +0ms[39m
[32m[Nest] 144508  - [39m2026/09/14 00:28:22 [32m    LOG[39m [38;5;3m[RouterExplorer] [39m[32mMapped {/api/admin/audit-logs, GET} route[39m[38;5;3m +0ms[39m
[32m[Nest] 144508  - [39m2026/09/14 00:28:22 [32m    LOG[39m [38;5;3m[RouterExplorer] [39m[32mMapped {/api/admin/orders, GET} route[39m[38;5;3m +0ms[39m
[32m[Nest] 144508  - [39m2026/09/14 00:28:22 [32m    LOG[39m [38;5;3m[RouterExplorer] [39m[32mMapped {/api/admin/wallets, GET} route[39m[38;5;3m +0ms[39m
[32m[Nest] 144508  - [39m2026/09/14 00:28:22 [32m    LOG[39m [38;5;3m[RouterExplorer] [39m[32mMapped {/api/admin/stats, GET} route[39m[38;5;3m +0ms[39m
[32m[Nest] 144508  - [39m2026/09/14 00:28:22 [32m    LOG[39m [38;5;3m[RoutesResolver] [39m[32mWalletController {/api/wallet}:[39m[38;5;3m +0ms[39m
[32m[Nest] 144508  - [39m2026/09/14 00:28:22 [32m    LOG[39m [38;5;3m[RouterExplorer] [39m[32mMapped {/api/wallet/mine, GET} route[39m[38;5;3m +0ms[39m
[32m[Nest] 144508  - [39m2026/09/14 00:28:22 [32m    LOG[39m [38;5;3m[RouterExplorer] [39m[32mMapped {/api/wallet/withdraw, POST} route[39m[38;5;3m +0ms[39m
[32m[Nest] 144508  - [39m2026/09/14 00:28:22 [32m    LOG[39m [38;5;3m[RouterExplorer] [39m[32mMapped {/api/wallet/withdrawals, GET} route[39m[38;5;3m +0ms[39m
[32m[Nest] 144508  - [39m2026/09/14 00:28:22 [32m    LOG[39m [38;5;3m[RouterExplorer] [39m[32mMapped {/api/wallet, GET} route[39m[38;5;3m +0ms[39m
[32m[Nest] 144508  - [39m2026/09/14 00:28:22 [32m    LOG[39m [38;5;3m[RoutesResolver] [39m[32mRegionController {/api/regions}:[39m[38;5;3m +0ms[39m
[32m[Nest] 144508  - [39m2026/09/14 00:28:22 [32m    LOG[39m [38;5;3m[RouterExplorer] [39m[32mMapped {/api/regions/tree, GET} route[39m[38;5;3m +0ms[39m
[32m[Nest] 144508  - [39m2026/09/14 00:28:22 [32m    LOG[39m [38;5;3m[RoutesResolver] [39m[32mAgentController {/api/admin}:[39m[38;5;3m +0ms[39m
[32m[Nest] 144508  - [39m2026/09/14 00:28:22 [32m    LOG[39m [38;5;3m[RouterExplorer] [39m[32mMapped {/api/admin/agents, GET} route[39m[38;5;3m +0ms[39m
[32m[Nest] 144508  - [39m2026/09/14 00:28:22 [32m    LOG[39m [38;5;3m[RouterExplorer] [39m[32mMapped {/api/admin/agents/:id, GET} route[39m[38;5;3m +0ms[39m
[32m[Nest] 144508  - [39m2026/09/14 00:28:22 [32m    LOG[39m [38;5;3m[RouterExplorer] [39m[32mMapped {/api/admin/agents, POST} route[39m[38;5;3m +1ms[39m
[32m[Nest] 144508  - [39m2026/09/14 00:28:22 [32m    LOG[39m [38;5;3m[RouterExplorer] [39m[32mMapped {/api/admin/agents/:id/region, PATCH} route[39m[38;5;3m +0ms[39m
[32m[Nest] 144508  - [39m2026/09/14 00:28:22 [32m    LOG[39m [38;5;3m[RouterExplorer] [39m[32mMapped {/api/admin/agents/:id, PATCH} route[39m[38;5;3m +0ms[39m
[32m[Nest] 144508  - [39m2026/09/14 00:28:22 [32m    LOG[39m [38;5;3m[RoutesResolver] [39m[32mProjectController {/api/projects}:[39m[38;5;3m +0ms[39m
[32m[Nest] 144508  - [39m2026/09/14 00:28:22 [32m    LOG[39m [38;5;3m[RouterExplorer] [39m[32mMapped {/api/projects, POST} route[39m[38;5;3m +0ms[39m
[32m[Nest] 144508  - [39m2026/09/14 00:28:22 [32m    LOG[39m [38;5;3m[RouterExplorer] [39m[32mMapped {/api/projects, GET} route[39m[38;5;3m +0ms[39m
[32m[Nest] 144508  - [39m2026/09/14 00:28:22 [32m    LOG[39m [38;5;3m[RouterExplorer] [39m[32mMapped {/api/projects/:id, GET} route[39m[38;5;3m +0ms[39m
[32m[Nest] 144508  - [39m2026/09/14 00:28:22 [32m    LOG[39m [38;5;3m[RouterExplorer] [39m[32mMapped {/api/projects/:id, PUT} route[39m[38;5;3m +0ms[39m
[32m[Nest] 144508  - [39m2026/09/14 00:28:22 [32m    LOG[39m [38;5;3m[RouterExplorer] [39m[32mMapped {/api/projects/:id/draft, PUT} route[39m[38;5;3m +0ms[39m
[32m[Nest] 144508  - [39m2026/09/14 00:28:22 [32m    LOG[39m [38;5;3m[RouterExplorer] [39m[32mMapped {/api/projects/:id/versions, GET} route[39m[38;5;3m +0ms[39m
[32m[Nest] 144508  - [39m2026/09/14 00:28:22 [32m    LOG[39m [38;5;3m[RouterExplorer] [39m[32mMapped {/api/projects/:id/versions/:versionId/rollback, POST} route[39m[38;5;3m +0ms[39m
[32m[Nest] 144508  - [39m2026/09/14 00:28:22 [32m    LOG[39m [38;5;3m[RouterExplorer] [39m[32mMapped {/api/projects/:id, DELETE} route[39m[38;5;3m +0ms[39m
[32m[Nest] 144508  - [39m2026/09/14 00:28:22 [32m    LOG[39m [38;5;3m[RoutesResolver] [39m[32mTemplateController {/api/templates}:[39m[38;5;3m +0ms[39m
[32m[Nest] 144508  - [39m2026/09/14 00:28:22 [32m    LOG[39m [38;5;3m[RouterExplorer] [39m[32mMapped {/api/templates, GET} route[39m[38;5;3m +0ms[39m
[32m[Nest] 144508  - [39m2026/09/14 00:28:22 [32m    LOG[39m [38;5;3m[RouterExplorer] [39m[32mMapped {/api/templates/categories, GET} route[39m[38;5;3m +0ms[39m
[32m[Nest] 144508  - [39m2026/09/14 00:28:22 [32m    LOG[39m [38;5;3m[RouterExplorer] [39m[32mMapped {/api/templates/mine, GET} route[39m[38;5;3m +0ms[39m
[32m[Nest] 144508  - [39m2026/09/14 00:28:22 [32m    LOG[39m [38;5;3m[RouterExplorer] [39m[32mMapped {/api/templates/pending, GET} route[39m[38;5;3m +0ms[39m
[32m[Nest] 144508  - [39m2026/09/14 00:28:22 [32m    LOG[39m [38;5;3m[RouterExplorer] [39m[32mMapped {/api/templates/appeals, GET} route[39m[38;5;3m +0ms[39m
[32m[Nest] 144508  - [39m2026/09/14 00:28:22 [32m    LOG[39m [38;5;3m[RouterExplorer] [39m[32mMapped {/api/templates/appeals/:appealId/review, PATCH} route[39m[38;5;3m +0ms[39m
[32m[Nest] 144508  - [39m2026/09/14 00:28:22 [32m    LOG[39m [38;5;3m[RouterExplorer] [39m[32mMapped {/api/templates/admin, GET} route[39m[38;5;3m +0ms[39m
[32m[Nest] 144508  - [39m2026/09/14 00:28:22 [32m    LOG[39m [38;5;3m[RouterExplorer] [39m[32mMapped {/api/templates/:id, GET} route[39m[38;5;3m +1ms[39m
[32m[Nest] 144508  - [39m2026/09/14 00:28:22 [32m    LOG[39m [38;5;3m[RouterExplorer] [39m[32mMapped {/api/templates/:id/use, POST} route[39m[38;5;3m +0ms[39m
[32m[Nest] 144508  - [39m2026/09/14 00:28:22 [32m    LOG[39m [38;5;3m[RouterExplorer] [39m[32mMapped {/api/templates, POST} route[39m[38;5;3m +0ms[39m
[32m[Nest] 144508  - [39m2026/09/14 00:28:22 [32m    LOG[39m [38;5;3m[RouterExplorer] [39m[32mMapped {/api/templates/:id/review, PATCH} route[39m[38;5;3m +0ms[39m
[32m[Nest] 144508  - [39m2026/09/14 00:28:22 [32m    LOG[39m [38;5;3m[RouterExplorer] [39m[32mMapped {/api/templates/:id/takedown, PATCH} route[39m[38;5;3m +0ms[39m
[32m[Nest] 144508  - [39m2026/09/14 00:28:22 [32m    LOG[39m [38;5;3m[RouterExplorer] [39m[32mMapped {/api/templates/:id/appeal, POST} route[39m[38;5;3m +0ms[39m
[32m[Nest] 144508  - [39m2026/09/14 00:28:22 [32m    LOG[39m [38;5;3m[RouterExplorer] [39m[32mMapped {/api/templates/:id/purchase, POST} route[39m[38;5;3m +0ms[39m
[32m[Nest] 144508  - [39m2026/09/14 00:28:22 [32m    LOG[39m [38;5;3m[RoutesResolver] [39m[32mPublishController {/api}:[39m[38;5;3m +0ms[39m
[32m[Nest] 144508  - [39m2026/09/14 00:28:22 [32m    LOG[39m [38;5;3m[RouterExplorer] [39m[32mMapped {/api/publish/:projectId, POST} route[39m[38;5;3m +0ms[39m
[32m[Nest] 144508  - [39m2026/09/14 00:28:22 [32m    LOG[39m [38;5;3m[RouterExplorer] [39m[32mMapped {/api/publish/:projectId, DELETE} route[39m[38;5;3m +0ms[39m
[32m[Nest] 144508  - [39m2026/09/14 00:28:22 [32m    LOG[39m [38;5;3m[RouterExplorer] [39m[32mMapped {/api/p/:publishCode, GET} route[39m[38;5;3m +0ms[39m
[32m[Nest] 144508  - [39m2026/09/14 00:28:22 [32m    LOG[39m [38;5;3m[RouterExplorer] [39m[32mMapped {/api/og/:publishCode, GET} route[39m[38;5;3m +0ms[39m
[32m[Nest] 144508  - [39m2026/09/14 00:28:22 [32m    LOG[39m [38;5;3m[RoutesResolver] [39m[32mAssetController {/api/assets}:[39m[38;5;3m +0ms[39m
[32m[Nest] 144508  - [39m2026/09/14 00:28:22 [32m    LOG[39m [38;5;3m[RouterExplorer] [39m[32mMapped {/api/assets/upload, POST} route[39m[38;5;3m +0ms[39m
[32m[Nest] 144508  - [39m2026/09/14 00:28:22 [32m    LOG[39m [38;5;3m[RouterExplorer] [39m[32mMapped {/api/assets, GET} route[39m[38;5;3m +0ms[39m
[32m[Nest] 144508  - [39m2026/09/14 00:28:22 [32m    LOG[39m [38;5;3m[RouterExplorer] [39m[32mMapped {/api/assets/:id, DELETE} route[39m[38;5;3m +1ms[39m
[32m[Nest] 144508  - [39m2026/09/14 00:28:22 [32m    LOG[39m [38;5;3m[RoutesResolver] [39m[32mMusicController {/api/music}:[39m[38;5;3m +0ms[39m
[32m[Nest] 144508  - [39m2026/09/14 00:28:22 [32m    LOG[39m [38;5;3m[RouterExplorer] [39m[32mMapped {/api/music/system, GET} route[39m[38;5;3m +0ms[39m
[32m[Nest] 144508  - [39m2026/09/14 00:28:22 [32m    LOG[39m [38;5;3m[RoutesResolver] [39m[32mStatsController {/api/stats}:[39m[38;5;3m +0ms[39m
[32m[Nest] 144508  - [39m2026/09/14 00:28:22 [32m    LOG[39m [38;5;3m[RouterExplorer] [39m[32mMapped {/api/stats/overview, GET} route[39m[38;5;3m +0ms[39m
[32m[Nest] 144508  - [39m2026/09/14 00:28:22 [32m    LOG[39m [38;5;3m[RouterExplorer] [39m[32mMapped {/api/stats/projects, GET} route[39m[38;5;3m +0ms[39m
[32m[Nest] 144508  - [39m2026/09/14 00:28:22 [32m    LOG[39m [38;5;3m[RoutesResolver] [39m[32mOrderController {/api/orders}:[39m[38;5;3m +0ms[39m
[32m[Nest] 144508  - [39m2026/09/14 00:28:22 [32m    LOG[39m [38;5;3m[RouterExplorer] [39m[32mMapped {/api/orders, GET} route[39m[38;5;3m +0ms[39m
[32m[Nest] 144508  - [39m2026/09/14 00:28:22 [32m    LOG[39m [38;5;3m[RouterExplorer] [39m[32mMapped {/api/orders/:id, GET} route[39m[38;5;3m +0ms[39m
[32m[Nest] 144508  - [39m2026/09/14 00:28:22 [32m    LOG[39m [38;5;3m[RouterExplorer] [39m[32mMapped {/api/orders/template/:templateId, GET} route[39m[38;5;3m +0ms[39m
[32m[Nest] 144508  - [39m2026/09/14 00:28:22 [32m    LOG[39m [38;5;3m[RoutesResolver] [39m[32mTicketController {/api/tickets}:[39m[38;5;3m +0ms[39m
[32m[Nest] 144508  - [39m2026/09/14 00:28:22 [32m    LOG[39m [38;5;3m[RouterExplorer] [39m[32mMapped {/api/tickets, POST} route[39m[38;5;3m +0ms[39m
[32m[Nest] 144508  - [39m2026/09/14 00:28:22 [32m    LOG[39m [38;5;3m[RouterExplorer] [39m[32mMapped {/api/tickets, GET} route[39m[38;5;3m +0ms[39m
[32m[Nest] 144508  - [39m2026/09/14 00:28:22 [32m    LOG[39m [38;5;3m[RouterExplorer] [39m[32mMapped {/api/tickets/:id, GET} route[39m[38;5;3m +0ms[39m
[32m[Nest] 144508  - [39m2026/09/14 00:28:22 [32m    LOG[39m [38;5;3m[RouterExplorer] [39m[32mMapped {/api/tickets/:id/assign, PATCH} route[39m[38;5;3m +0ms[39m
[32m[Nest] 144508  - [39m2026/09/14 00:28:22 [32m    LOG[39m [38;5;3m[RouterExplorer] [39m[32mMapped {/api/tickets/:id/escalate, PATCH} route[39m[38;5;3m +0ms[39m
[32m[Nest] 144508  - [39m2026/09/14 00:28:22 [32m    LOG[39m [38;5;3m[RouterExplorer] [39m[32mMapped {/api/tickets/:id/resolve, PATCH} route[39m[38;5;3m +0ms[39m
[32m[Nest] 144508  - [39m2026/09/14 00:28:22 [32m    LOG[39m [38;5;3m[RoutesResolver] [39m[32mMessageController {/api/messages}:[39m[38;5;3m +0ms[39m
[32m[Nest] 144508  - [39m2026/09/14 00:28:22 [32m    LOG[39m [38;5;3m[RouterExplorer] [39m[32mMapped {/api/messages, POST} route[39m[38;5;3m +0ms[39m
[32m[Nest] 144508  - [39m2026/09/14 00:28:22 [32m    LOG[39m [38;5;3m[RouterExplorer] [39m[32mMapped {/api/messages, GET} route[39m[38;5;3m +0ms[39m
[32m[Nest] 144508  - [39m2026/09/14 00:28:22 [32m    LOG[39m [38;5;3m[RouterExplorer] [39m[32mMapped {/api/messages/audit, GET} route[39m[38;5;3m +0ms[39m
[32m[Nest] 144508  - [39m2026/09/14 00:28:22 [32m    LOG[39m [38;5;3m[RouterExplorer] [39m[32mMapped {/api/messages/:id/approve, PATCH} route[39m[38;5;3m +0ms[39m
[32m[Nest] 144508  - [39m2026/09/14 00:28:22 [32m    LOG[39m [38;5;3m[RouterExplorer] [39m[32mMapped {/api/messages/:id/reject, PATCH} route[39m[38;5;3m +0ms[39m
[32m[Nest] 144508  - [39m2026/09/14 00:28:22 [32m    LOG[39m [38;5;3m[RoutesResolver] [39m[32mAgentConsoleController {/api/agent}:[39m[38;5;3m +1ms[39m
[32m[Nest] 144508  - [39m2026/09/14 00:28:22 [32m    LOG[39m [38;5;3m[RouterExplorer] [39m[32mMapped {/api/agent/dashboard, GET} route[39m[38;5;3m +0ms[39m
[32m[Nest] 144508  - [39m2026/09/14 00:28:22 [32m    LOG[39m [38;5;3m[RouterExplorer] [39m[32mMapped {/api/agent/users, GET} route[39m[38;5;3m +0ms[39m
[32m[Nest] 144508  - [39m2026/09/14 00:28:22 [32m    LOG[39m [38;5;3m[RouterExplorer] [39m[32mMapped {/api/agent/providers, GET} route[39m[38;5;3m +0ms[39m
[32m[Nest] 144508  - [39m2026/09/14 00:28:22 [32m    LOG[39m [38;5;3m[RouterExplorer] [39m[32mMapped {/api/agent/orders, GET} route[39m[38;5;3m +0ms[39m
[32m[Nest] 144508  - [39m2026/09/14 00:28:22 [32m    LOG[39m [38;5;3m[RouterExplorer] [39m[32mMapped {/api/agent/wallet, GET} route[39m[38;5;3m +0ms[39m
[32m[Nest] 144508  - [39m2026/09/14 00:28:22 [32m    LOG[39m [38;5;3m[RoutesResolver] [39m[32mProviderConsoleController {/api/provider}:[39m[38;5;3m +0ms[39m
[32m[Nest] 144508  - [39m2026/09/14 00:28:22 [32m    LOG[39m [38;5;3m[RouterExplorer] [39m[32mMapped {/api/provider/dashboard, GET} route[39m[38;5;3m +0ms[39m
[32m[Nest] 144508  - [39m2026/09/14 00:28:22 [32m    LOG[39m [38;5;3m[RouterExplorer] [39m[32mMapped {/api/provider/services, GET} route[39m[38;5;3m +0ms[39m
[32m[Nest] 144508  - [39m2026/09/14 00:28:22 [32m    LOG[39m [38;5;3m[RouterExplorer] [39m[32mMapped {/api/provider/catalog, GET} route[39m[38;5;3m +0ms[39m
[32m[Nest] 144508  - [39m2026/09/14 00:28:22 [32m    LOG[39m [38;5;3m[RouterExplorer] [39m[32mMapped {/api/provider/works/:id, GET} route[39m[38;5;3m +0ms[39m
[32m[Nest] 144508  - [39m2026/09/14 00:28:22 [32m    LOG[39m [38;5;3m[RouterExplorer] [39m[32mMapped {/api/provider/services, POST} route[39m[38;5;3m +0ms[39m
[32m[Nest] 144508  - [39m2026/09/14 00:28:22 [32m    LOG[39m [38;5;3m[RouterExplorer] [39m[32mMapped {/api/provider/services/:id, PATCH} route[39m[38;5;3m +0ms[39m
[32m[Nest] 144508  - [39m2026/09/14 00:28:22 [32m    LOG[39m [38;5;3m[RouterExplorer] [39m[32mMapped {/api/provider/services/:id, DELETE} route[39m[38;5;3m +0ms[39m
[32m[Nest] 144508  - [39m2026/09/14 00:28:22 [32m    LOG[39m [38;5;3m[RouterExplorer] [39m[32mMapped {/api/provider/from-project, POST} route[39m[38;5;3m +0ms[39m
[32m[Nest] 144508  - [39m2026/09/14 00:28:22 [32m    LOG[39m [38;5;3m[RouterExplorer] [39m[32mMapped {/api/provider/services/:id, GET} route[39m[38;5;3m +0ms[39m
[32m[Nest] 144508  - [39m2026/09/14 00:28:22 [32m    LOG[39m [38;5;3m[RouterExplorer] [39m[32mMapped {/api/provider/services/:id/draft, PUT} route[39m[38;5;3m +0ms[39m
[32m[Nest] 144508  - [39m2026/09/14 00:28:22 [32m    LOG[39m [38;5;3m[RouterExplorer] [39m[32mMapped {/api/provider/services/:id/publish, POST} route[39m[38;5;3m +0ms[39m
[32m[Nest] 144508  - [39m2026/09/14 00:28:22 [32m    LOG[39m [38;5;3m[RouterExplorer] [39m[32mMapped {/api/provider/services/:id/draft, DELETE} route[39m[38;5;3m +0ms[39m
[32m[Nest] 144508  - [39m2026/09/14 00:28:22 [32m    LOG[39m [38;5;3m[RouterExplorer] [39m[32mMapped {/api/provider/orders, GET} route[39m[38;5;3m +0ms[39m
[32m[Nest] 144508  - [39m2026/09/14 00:28:22 [32m    LOG[39m [38;5;3m[RouterExplorer] [39m[32mMapped {/api/provider/qualification, GET} route[39m[38;5;3m +0ms[39m
[32m[Nest] 144508  - [39m2026/09/14 00:28:22 [32m    LOG[39m [38;5;3m[RouterExplorer] [39m[32mMapped {/api/provider/schedules, GET} route[39m[38;5;3m +1ms[39m
[32m[Nest] 144508  - [39m2026/09/14 00:28:22 [32m    LOG[39m [38;5;3m[RouterExplorer] [39m[32mMapped {/api/provider/schedules, POST} route[39m[38;5;3m +0ms[39m
[32m[Nest] 144508  - [39m2026/09/14 00:28:22 [32m    LOG[39m [38;5;3m[RouterExplorer] [39m[32mMapped {/api/provider/schedules/:id, PATCH} route[39m[38;5;3m +0ms[39m
[32m[Nest] 144508  - [39m2026/09/14 00:28:22 [32m    LOG[39m [38;5;3m[RouterExplorer] [39m[32mMapped {/api/provider/schedules/:id, DELETE} route[39m[38;5;3m +0ms[39m
[32m[Nest] 144508  - [39m2026/09/14 00:28:22 [32m    LOG[39m [38;5;3m[RouterExplorer] [39m[32mMapped {/api/provider/contracts, GET} route[39m[38;5;3m +0ms[39m
[32m[Nest] 144508  - [39m2026/09/14 00:28:22 [32m    LOG[39m [38;5;3m[RouterExplorer] [39m[32mMapped {/api/provider/team, GET} route[39m[38;5;3m +0ms[39m
[32m[Nest] 144508  - [39m2026/09/14 00:28:22 [32m    LOG[39m [38;5;3m[RouterExplorer] [39m[32mMapped {/api/provider/team, POST} route[39m[38;5;3m +0ms[39m
[32m[Nest] 144508  - [39m2026/09/14 00:28:22 [32m    LOG[39m [38;5;3m[RouterExplorer] [39m[32mMapped {/api/provider/team/:id, DELETE} route[39m[38;5;3m +0ms[39m
[32m[Nest] 144508  - [39m2026/09/14 00:28:22 [32m    LOG[39m [38;5;3m[RouterExplorer] [39m[32mMapped {/api/provider/clients, GET} route[39m[38;5;3m +0ms[39m
[32m[Nest] 144508  - [39m2026/09/14 00:28:22 [32m    LOG[39m [38;5;3m[RouterExplorer] [39m[32mMapped {/api/provider/clients, POST} route[39m[38;5;3m +0ms[39m
[32m[Nest] 144508  - [39m2026/09/14 00:28:22 [32m    LOG[39m [38;5;3m[RouterExplorer] [39m[32mMapped {/api/provider/clients/:id, DELETE} route[39m[38;5;3m +0ms[39m
[32m[Nest] 144508  - [39m2026/09/14 00:28:22 [32m    LOG[39m [38;5;3m[RouterExplorer] [39m[32mMapped {/api/provider/clients/:id/maintain, POST} route[39m[38;5;3m +0ms[39m
[32m[Nest] 144508  - [39m2026/09/14 00:28:22 [32m    LOG[39m [38;5;3m[RouterExplorer] [39m[32mMapped {/api/provider/clients/:id/reach, GET} route[39m[38;5;3m +0ms[39m
[32m[Nest] 144508  - [39m2026/09/14 00:28:22 [32m    LOG[39m [38;5;3m[RouterExplorer] [39m[32mMapped {/api/provider/income, GET} route[39m[38;5;3m +0ms[39m
[32m[Nest] 144508  - [39m2026/09/14 00:28:22 [32m    LOG[39m [38;5;3m[RouterExplorer] [39m[32mMapped {/api/provider/withdrawals, GET} route[39m[38;5;3m +0ms[39m
[32m[Nest] 144508  - [39m2026/09/14 00:28:22 [32m    LOG[39m [38;5;3m[RouterExplorer] [39m[32mMapped {/api/provider/withdrawals, POST} route[39m[38;5;3m +0ms[39m
[32m[Nest] 144508  - [39m2026/09/14 00:28:22 [32m    LOG[39m [38;5;3m[RouterExplorer] [39m[32mMapped {/api/provider/notices, GET} route[39m[38;5;3m +0ms[39m
[32m[Nest] 144508  - [39m2026/09/14 00:28:22 [32m    LOG[39m [38;5;3m[RouterExplorer] [39m[32mMapped {/api/provider/notices/:id, GET} route[39m[38;5;3m +1ms[39m
[32m[Nest] 144508  - [39m2026/09/14 00:28:22 [32m    LOG[39m [38;5;3m[RouterExplorer] [39m[32mMapped {/api/provider/notices/:id/read, POST} route[39m[38;5;3m +0ms[39m
[32m[Nest] 144508  - [39m2026/09/14 00:28:22 [32m    LOG[39m [38;5;3m[RouterExplorer] [39m[32mMapped {/api/provider/messages, GET} route[39m[38;5;3m +0ms[39m
[32m[Nest] 144508  - [39m2026/09/14 00:28:22 [32m    LOG[39m [38;5;3m[RouterExplorer] [39m[32mMapped {/api/provider/messages/:id, GET} route[39m[38;5;3m +0ms[39m
[32m[Nest] 144508  - [39m2026/09/14 00:28:22 [32m    LOG[39m [38;5;3m[RouterExplorer] [39m[32mMapped {/api/provider/messages/:id/read, POST} route[39m[38;5;3m +0ms[39m
[32m[Nest] 144508  - [39m2026/09/14 00:28:22 [32m    LOG[39m [38;5;3m[RouterExplorer] [39m[32mMapped {/api/provider/complaints, GET} route[39m[38;5;3m +0ms[39m
[32m[Nest] 144508  - [39m2026/09/14 00:28:22 [32m    LOG[39m [38;5;3m[RouterExplorer] [39m[32mMapped {/api/provider/complaints, POST} route[39m[38;5;3m +0ms[39m
[32m[Nest] 144508  - [39m2026/09/14 00:28:22 [32m    LOG[39m [38;5;3m[RouterExplorer] [39m[32mMapped {/api/provider/complaints/:id, DELETE} route[39m[38;5;3m +0ms[39m
[32m[Nest] 144508  - [39m2026/09/14 00:28:22 [32m    LOG[39m [38;5;3m[RouterExplorer] [39m[32mMapped {/api/provider/applications, GET} route[39m[38;5;3m +0ms[39m
[32m[Nest] 144508  - [39m2026/09/14 00:28:22 [32m    LOG[39m [38;5;3m[RouterExplorer] [39m[32mMapped {/api/provider/applications, POST} route[39m[38;5;3m +0ms[39m
[32m[Nest] 144508  - [39m2026/09/14 00:28:22 [32m    LOG[39m [38;5;3m[RouterExplorer] [39m[32mMapped {/api/provider/applications/:id, PATCH} route[39m[38;5;3m +0ms[39m
[32m[Nest] 144508  - [39m2026/09/14 00:28:22 [32m    LOG[39m [38;5;3m[RouterExplorer] [39m[32mMapped {/api/provider/applications/:id, DELETE} route[39m[38;5;3m +0ms[39m
[32m[Nest] 144508  - [39m2026/09/14 00:28:22 [32m    LOG[39m [38;5;3m[RouterExplorer] [39m[32mMapped {/api/provider/qualifications, GET} route[39m[38;5;3m +0ms[39m
[32m[Nest] 144508  - [39m2026/09/14 00:28:22 [32m    LOG[39m [38;5;3m[RouterExplorer] [39m[32mMapped {/api/provider/qualifications, POST} route[39m[38;5;3m +0ms[39m
[32m[Nest] 144508  - [39m2026/09/14 00:28:22 [32m    LOG[39m [38;5;3m[RouterExplorer] [39m[32mMapped {/api/provider/qualifications/:id, PATCH} route[39m[38;5;3m +0ms[39m
[32m[Nest] 144508  - [39m2026/09/14 00:28:22 [32m    LOG[39m [38;5;3m[RouterExplorer] [39m[32mMapped {/api/provider/qualifications/:id, DELETE} route[39m[38;5;3m +0ms[39m
[32m[Nest] 144508  - [39m2026/09/14 00:28:22 [32m    LOG[39m [38;5;3m[RouterExplorer] [39m[32mMapped {/api/provider/orders/:id/action, PATCH} route[39m[38;5;3m +0ms[39m
[32m[Nest] 144508  - [39m2026/09/14 00:28:22 [32m    LOG[39m [38;5;3m[RouterExplorer] [39m[32mMapped {/api/provider/contracts/:id, PATCH} route[39m[38;5;3m +1ms[39m
[32m[Nest] 144508  - [39m2026/09/14 00:28:22 [32m    LOG[39m [38;5;3m[RouterExplorer] [39m[32mMapped {/api/provider/contracts/:id/negotiation, POST} route[39m[38;5;3m +0ms[39m
[32m[Nest] 144508  - [39m2026/09/14 00:28:22 [32m    LOG[39m [38;5;3m[RouterExplorer] [39m[32mMapped {/api/provider/contracts/:id/sign, POST} route[39m[38;5;3m +0ms[39m
[32m[Nest] 144508  - [39m2026/09/14 00:28:22 [32m    LOG[39m [38;5;3m[RouterExplorer] [39m[32mMapped {/api/provider/reviews, GET} route[39m[38;5;3m +0ms[39m
[32m[Nest] 144508  - [39m2026/09/14 00:28:22 [32m    LOG[39m [38;5;3m[RouterExplorer] [39m[32mMapped {/api/provider/reviews/:id/reply, POST} route[39m[38;5;3m +0ms[39m
[32m[Nest] 144508  - [39m2026/09/14 00:28:22 [32m    LOG[39m [38;5;3m[RoutesResolver] [39m[32mUserConsoleController {/api/user}:[39m[38;5;3m +0ms[39m
[32m[Nest] 144508  - [39m2026/09/14 00:28:22 [32m    LOG[39m [38;5;3m[RouterExplorer] [39m[32mMapped {/api/user/resolve, GET} route[39m[38;5;3m +0ms[39m
[32m[Nest] 144508  - [39m2026/09/14 00:28:22 [32m    LOG[39m [38;5;3m[RouterExplorer] [39m[32mMapped {/api/user/dashboard, GET} route[39m[38;5;3m +0ms[39m
[32m[Nest] 144508  - [39m2026/09/14 00:28:22 [32m    LOG[39m [38;5;3m[RouterExplorer] [39m[32mMapped {/api/user/orders, GET} route[39m[38;5;3m +0ms[39m
[32m[Nest] 144508  - [39m2026/09/14 00:28:22 [32m    LOG[39m [38;5;3m[RouterExplorer] [39m[32mMapped {/api/user/works, GET} route[39m[38;5;3m +0ms[39m
[32m[Nest] 144508  - [39m2026/09/14 00:28:22 [32m    LOG[39m [38;5;3m[RouterExplorer] [39m[32mMapped {/api/user/providers, GET} route[39m[38;5;3m +0ms[39m
[32m[Nest] 144508  - [39m2026/09/14 00:28:22 [32m    LOG[39m [38;5;3m[RouterExplorer] [39m[32mMapped {/api/user/feedback, GET} route[39m[38;5;3m +0ms[39m
[32m[Nest] 144508  - [39m2026/09/14 00:28:22 [32m    LOG[39m [38;5;3m[RouterExplorer] [39m[32mMapped {/api/user/messages, GET} route[39m[38;5;3m +0ms[39m
[32m[Nest] 144508  - [39m2026/09/14 00:28:22 [32m    LOG[39m [38;5;3m[RouterExplorer] [39m[32mMapped {/api/user/wallet, GET} route[39m[38;5;3m +0ms[39m
[32m[Nest] 144508  - [39m2026/09/14 00:28:22 [32m    LOG[39m [38;5;3m[RouterExplorer] [39m[32mMapped {/api/user/reviews, GET} route[39m[38;5;3m +0ms[39m
[32m[Nest] 144508  - [39m2026/09/14 00:28:22 [32m    LOG[39m [38;5;3m[RouterExplorer] [39m[32mMapped {/api/user/reviews, POST} route[39m[38;5;3m +0ms[39m
[32m[Nest] 144508  - [39m2026/09/14 00:28:22 [32m    LOG[39m [38;5;3m[RouterExplorer] [39m[32mMapped {/api/user/complaints, GET} route[39m[38;5;3m +0ms[39m
[32m[Nest] 144508  - [39m2026/09/14 00:28:22 [32m    LOG[39m [38;5;3m[RouterExplorer] [39m[32mMapped {/api/user/complaints, POST} route[39m[38;5;3m +0ms[39m
[32m[Nest] 144508  - [39m2026/09/14 00:28:22 [32m    LOG[39m [38;5;3m[RouterExplorer] [39m[32mMapped {/api/user/complaints/:id, GET} route[39m[38;5;3m +0ms[39m
[32m[Nest] 144508  - [39m2026/09/14 00:28:22 [32m    LOG[39m [38;5;3m[RouterExplorer] [39m[32mMapped {/api/user/notices, GET} route[39m[38;5;3m +0ms[39m
[32m[Nest] 144508  - [39m2026/09/14 00:28:22 [32m    LOG[39m [38;5;3m[RouterExplorer] [39m[32mMapped {/api/user/notices/:id/read, POST} route[39m[38;5;3m +0ms[39m
[32m[Nest] 144508  - [39m2026/09/14 00:28:22 [32m    LOG[39m [38;5;3m[RouterExplorer] [39m[32mMapped {/api/user/messages/:id/read, POST} route[39m[38;5;3m +0ms[39m
[32m[Nest] 144508  - [39m2026/09/14 00:28:22 [32m    LOG[39m [38;5;3m[RouterExplorer] [39m[32mMapped {/api/user/coupons, GET} route[39m[38;5;3m +0ms[39m
[32m[Nest] 144508  - [39m2026/09/14 00:28:22 [32m    LOG[39m [38;5;3m[RouterExplorer] [39m[32mMapped {/api/user/wallet/logs, GET} route[39m[38;5;3m +1ms[39m
[32m[Nest] 144508  - [39m2026/09/14 00:28:22 [32m    LOG[39m [38;5;3m[RouterExplorer] [39m[32mMapped {/api/user/adjust, POST} route[39m[38;5;3m +0ms[39m
[32m[Nest] 144508  - [39m2026/09/14 00:28:22 [32m    LOG[39m [38;5;3m[RouterExplorer] [39m[32mMapped {/api/user/qualifications, GET} route[39m[38;5;3m +0ms[39m
[32m[Nest] 144508  - [39m2026/09/14 00:28:22 [32m    LOG[39m [38;5;3m[RouterExplorer] [39m[32mMapped {/api/user/qualifications, POST} route[39m[38;5;3m +0ms[39m
[32m[Nest] 144508  - [39m2026/09/14 00:28:22 [32m    LOG[39m [38;5;3m[RouterExplorer] [39m[32mMapped {/api/user/qualifications/:id/review, POST} route[39m[38;5;3m +0ms[39m
[32m[Nest] 144508  - [39m2026/09/14 00:28:22 [32m    LOG[39m [38;5;3m[RouterExplorer] [39m[32mMapped {/api/user/qualifications/:id/fill, POST} route[39m[38;5;3m +0ms[39m
[32m[Nest] 144508  - [39m2026/09/14 00:28:22 [32m    LOG[39m [38;5;3m[RoutesResolver] [39m[32mConsoleDashboardController {/api/console}:[39m[38;5;3m +0ms[39m
[32m[Nest] 144508  - [39m2026/09/14 00:28:22 [32m    LOG[39m [38;5;3m[RouterExplorer] [39m[32mMapped {/api/console/dashboard, GET} route[39m[38;5;3m +0ms[39m
[32m[Nest] 144508  - [39m2026/09/14 00:28:22 [32m    LOG[39m [38;5;3m[RouterExplorer] [39m[32mMapped {/api/console/badges, GET} route[39m[38;5;3m +0ms[39m
[32m[Nest] 144508  - [39m2026/09/14 00:28:23 [32m    LOG[39m [38;5;3m[NestApplication] [39m[32mNest application successfully started[39m[38;5;3m +150ms[39m
🚀 H5 API server running on http://localhost:3000
[GET] /api/auth/login -> 404 (6ms)
[GET] /health -> 200 (2ms)
[GET] /health -> 200 (1ms)
[GET] /health -> 200 (1ms)
[GET] /health -> 200 (1ms)
[POST] /api/auth/login -> 201 (425ms)
[GET] /health -> 200 (1ms)
[GET] /uploads/1789229967084-478724919.png -> 304 (2ms)
[GET] /health -> 200 (1ms)
[GET] /health -> 200 (1ms)
[POST] /api/auth/login -> 201 (80ms)
[GET] /api/user/works?userId=13900001001 -> 403 (9ms)
[GET] /health -> 200 (1ms)
[GET] /health -> 200 (0ms)
[GET] /health -> 200 (1ms)
[POST] /api/auth/login -> 201 (73ms)
[GET] /api/provider/catalog?pageSize=5 -> 200 (1230ms)
[GET] /uploads/1787584401898-338164498.png -> 200 (7ms)
[GET] /api/provider/catalog?page=1&pageSize=20 -> 200 (134ms)
[GET] /uploads/1789229967084-478724919.png -> 304 (0ms)
[GET] /health -> 200 (1ms)
[GET] /uploads/1789311861359-207438302.png -> 200 (259ms)
[GET] /api/console/badges -> 200 (2508ms)
[GET] /uploads/1787470181915-275543030.png -> 304 (1ms)
[GET] /uploads/1789315719323-850867922.jpg -> 200 (1ms)
[GET] /uploads/1787473480182-103620237.jpg -> 304 (1ms)
[GET] /uploads/1787468783180-738901649.jpg -> 304 (1ms)
[GET] /uploads/1787473230898-128206875.webp -> 304 (1ms)
[GET] /health -> 200 (0ms)
[GET] /health -> 200 (1ms)
[GET] /health -> 200 (0ms)
[GET] /health -> 200 (0ms)
[GET] /health -> 200 (1ms)
[POST] /api/templates/cmtzgjvmt00016cjoovdf7h98/use -> 201 (71ms)
[GET] /api/projects/cmu014rji0001hwt65a4fvgbf -> 200 (6ms)
[GET] /api/projects/cmu014rji0001hwt65a4fvgbf -> 304 (6ms)
[GET] /health -> 200 (0ms)
[PUT] /api/projects/cmu014rji0001hwt65a4fvgbf/draft -> 200 (299ms)
[GET] /health -> 200 (2ms)
[GET] /health -> 200 (1ms)
[PUT] /api/projects/cmu014rji0001hwt65a4fvgbf/draft -> 200 (14ms)
[GET] /health -> 200 (1ms)
[PUT] /api/projects/cmu014rji0001hwt65a4fvgbf/draft -> 200 (15ms)
[GET] /health -> 200 (1ms)
[PUT] /api/projects/cmu014rji0001hwt65a4fvgbf/draft -> 200 (23ms)
[GET] /api/projects -> 200 (11ms)
[GET] /api/projects -> 304 (7ms)
[GET] /api/stats/overview -> 200 (335ms)
[GET] /api/stats/projects -> 200 (337ms)
[GET] /api/templates/mine -> 200 (347ms)
[GET] /api/stats/projects -> 304 (9ms)
[GET] /api/stats/overview -> 304 (12ms)
[GET] /api/templates/mine -> 304 (14ms)
[GET] /uploads/1787470181915-275543030.png -> 304 (1ms)
[GET] /uploads/1789311861359-207438302.png -> 304 (1ms)
[GET] /uploads/1789315719323-850867922.jpg -> 304 (1ms)
[GET] /health -> 200 (0ms)
[GET] /health -> 200 (1ms)
[GET] /health -> 200 (1ms)
[GET] /health -> 200 (0ms)
[GET] /health -> 200 (1ms)
[GET] /health -> 200 (1ms)
[GET] /health -> 200 (1ms)
[GET] /api/projects/cmtzy2ulj000ng8alj4v9ijvh -> 304 (9ms)
[GET] /api/projects/cmtzy2ulj000ng8alj4v9ijvh -> 304 (5ms)
[GET] /api/projects/cmtzy2ulj000ng8alj4v9ijvh -> 304 (9ms)
[GET] /uploads/1789312220204-144477387.png -> 304 (1ms)
[GET] /api/provider/catalog?page=1&pageSize=20 -> 200 (15ms)
[GET] /api/console/badges -> 304 (43ms)
[GET] /uploads/1787584401898-338164498.png -> 304 (1ms)
[GET] /health -> 200 (1ms)
[GET] /api/stats/overview -> 304 (9ms)
[GET] /api/stats/projects -> 304 (7ms)
[GET] /api/projects -> 304 (15ms)
[GET] /api/templates/mine -> 304 (15ms)
[GET] /api/stats/overview -> 304 (7ms)
[GET] /api/stats/projects -> 304 (6ms)
[GET] /api/projects -> 304 (9ms)
[GET] /api/templates/mine -> 304 (11ms)
[GET] /uploads/1787470181915-275543030.png -> 304 (1ms)
[GET] /uploads/1789229967084-478724919.png -> 304 (2ms)
[GET] /health -> 200 (1ms)
[GET] /uploads/1789229967084-478724919.png -> 304 (1ms)
[GET] /uploads/1789311861359-207438302.png -> 304 (1ms)
[GET] /health -> 200 (0ms)
[GET] /health -> 200 (1ms)
[GET] /health -> 200 (0ms)
[GET] /health -> 200 (1ms)
[GET] /api/projects/cmtk0exqh00016nt33qf9elen -> 200 (6ms)
[GET] /api/projects/cmtk0exqh00016nt33qf9elen -> 304 (7ms)
[GET] /api/projects/cmtk0exqh00016nt33qf9elen -> 304 (6ms)
[GET] /uploads/1789315719323-850867922.jpg -> 304 (1ms)
[GET] /health -> 200 (1ms)
[GET] /api/projects -> 304 (11ms)
[GET] /api/stats/projects -> 304 (9ms)
[GET] /api/stats/overview -> 304 (12ms)
[GET] /api/templates/mine -> 304 (12ms)
[GET] /api/projects -> 304 (8ms)
[GET] /api/stats/projects -> 304 (6ms)
[GET] /api/templates/mine -> 304 (9ms)
[GET] /api/stats/overview -> 304 (11ms)
[GET] /health -> 200 (1ms)
[GET] /health -> 200 (1ms)
[GET] /health -> 200 (1ms)
[GET] /health -> 200 (1ms)
[GET] /health -> 200 (0ms)
[GET] /health -> 200 (1ms)
[GET] /health -> 200 (0ms)
[GET] /health -> 200 (0ms)
[GET] /health -> 200 (0ms)
[GET] /health -> 200 (0ms)
[GET] /health -> 200 (1ms)
[GET] /health -> 200 (1ms)
[GET] /health -> 200 (1ms)
[GET] /health -> 200 (0ms)
[GET] /health -> 200 (1ms)
[GET] /health -> 200 (0ms)
[GET] /health -> 200 (1ms)
[GET] /health -> 200 (0ms)
[POST] /api/auth/login -> 201 (73ms)
[GET] /api/console/badges -> 200 (24ms)
[GET] /api/console/dashboard -> 200 (366ms)
[GET] /api/console/badges -> 304 (16ms)
[GET] /api/provider/catalog?page=1&pageSize=20 -> 200 (16ms)
[GET] /uploads/1787473230898-128206875.webp -> 200 (1ms)
[GET] /uploads/1787473480182-103620237.jpg -> 200 (35ms)
[GET] /health -> 200 (0ms)
[POST] /api/auth/login -> 401 (69ms)
[GET] /health -> 200 (1ms)
[GET] /health -> 200 (1ms)
[GET] /health -> 200 (1ms)
[GET] /health -> 200 (1ms)
[GET] /health -> 200 (1ms)
[GET] /health -> 200 (1ms)
[GET] /health -> 200 (1ms)
[GET] /health -> 200 (1ms)
[GET] /health -> 200 (1ms)
[GET] /health -> 200 (1ms)
[GET] /health -> 200 (1ms)
[GET] /health -> 200 (0ms)
[GET] /health -> 200 (0ms)
[GET] /health -> 200 (0ms)
[GET] /health -> 200 (1ms)
[GET] /health -> 200 (0ms)
[GET] /health -> 200 (1ms)
[GET] /health -> 200 (1ms)
[GET] /health -> 200 (0ms)
[GET] /api/projects/cmtk0exqh00016nt33qf9elen -> 304 (714ms)
[GET] /api/projects/cmtk0exqh00016nt33qf9elen -> 304 (8ms)
[GET] /api/projects/cmtk0exqh00016nt33qf9elen -> 304 (6ms)
[GET] /uploads/1789315719323-850867922.jpg -> 304 (1ms)
[GET] /uploads/1789315719323-850867922.jpg -> 304 (0ms)
[GET] /health -> 200 (0ms)
[GET] /health -> 200 (1ms)
[GET] /health -> 200 (0ms)
[GET] /api/stats/projects -> 304 (6ms)
[GET] /api/projects -> 304 (11ms)
[GET] /api/templates/mine -> 304 (9ms)
[GET] /api/stats/projects -> 304 (4ms)
[GET] /api/projects -> 304 (6ms)
[GET] /api/templates/mine -> 304 (9ms)
[GET] /api/stats/overview -> 304 (1393ms)
[GET] /uploads/1789229967084-478724919.png -> 304 (1ms)
[GET] /uploads/1789311861359-207438302.png -> 304 (0ms)
[GET] /uploads/1789315719323-850867922.jpg -> 304 (1ms)
[GET] /api/stats/overview -> 304 (318ms)
[GET] /health -> 200 (2ms)
[GET] /health -> 200 (0ms)
[GET] /health -> 200 (1ms)
[GET] /health -> 200 (1ms)
[GET] /health -> 200 (0ms)
[GET] /health -> 200 (0ms)
[GET] /health -> 200 (1ms)
[GET] /health -> 200 (0ms)
[GET] /health -> 200 (1ms)
[GET] /health -> 200 (0ms)
[GET] /health -> 200 (1ms)
[GET] /health -> 200 (0ms)
[GET] /health -> 200 (0ms)
[GET] /health -> 200 (0ms)
[POST] /api/auth/login -> 201 (135ms)
[GET] /api/provider/catalog?pageSize=50 -> 200 (329ms)
[GET] /health -> 200 (0ms)
[GET] /health -> 200 (1ms)
[GET] /health -> 200 (0ms)
[GET] /health -> 200 (0ms)
[GET] /health -> 200 (1ms)
[GET] /health -> 200 (1ms)
[GET] /health -> 200 (1ms)
[GET] /health -> 200 (1ms)
[GET] /health -> 200 (0ms)
[GET] /health -> 200 (0ms)
[GET] /health -> 200 (1ms)
[GET] /health -> 200 (0ms)
[GET] /api/projects/cmtzy2ulj000ng8alj4v9ijvh -> 304 (5ms)
[GET] /api/projects/cmtzy2ulj000ng8alj4v9ijvh -> 304 (7ms)
[GET] /api/projects/cmtzy2ulj000ng8alj4v9ijvh -> 304 (6ms)
[GET] /uploads/1789312220204-144477387.png -> 304 (1ms)
[POST] /api/auth/login -> 201 (70ms)
[GET] /api/user/works?userId=dev_provider_001 -> 200 (364ms)
[GET] /health -> 200 (0ms)
[GET] /health -> 200 (0ms)
[GET] /health -> 200 (1ms)
[GET] /health -> 200 (0ms)
[GET] /health -> 200 (0ms)
[GET] /health -> 200 (1ms)
[GET] /health -> 200 (0ms)
[GET] /health -> 200 (1ms)
[GET] /health -> 200 (0ms)
[GET] /health -> 200 (1ms)
[GET] /health -> 200 (0ms)
[GET] /health -> 200 (1ms)
[GET] /api/templates/mine -> 304 (10ms)
[GET] /api/templates/mine -> 304 (9ms)
[GET] /api/projects -> 304 (2269ms)
[GET] /health -> 200 (0ms)
[GET] /api/projects -> 304 (839ms)
[GET] /health -> 200 (1ms)
[GET] /health -> 200 (0ms)
[GET] /health -> 200 (1ms)
[GET] /api/stats/projects -> 200 (55ms)
[GET] /api/stats/overview -> 200 (60ms)
[GET] /uploads/1789229967084-478724919.png -> 304 (1ms)
[GET] /uploads/1787470181915-275543030.png -> 304 (1ms)
[GET] /uploads/1789315719323-850867922.jpg -> 304 (1ms)
[GET] /health -> 200 (0ms)
[GET] /health -> 200 (1ms)
[GET] /health -> 200 (0ms)
[GET] /health -> 200 (0ms)
[GET] /health -> 200 (1ms)
[GET] /health -> 200 (0ms)
[GET] /health -> 200 (0ms)
[GET] /health -> 200 (1ms)
[GET] /health -> 200 (1ms)
[GET] /health -> 200 (0ms)
[GET] /health -> 200 (1ms)
[GET] /health -> 200 (1ms)
[GET] /health -> 200 (1ms)
[GET] /health -> 200 (0ms)
[GET] /health -> 200 (0ms)
[GET] /health -> 200 (0ms)
[GET] /health -> 200 (0ms)
[GET] /health -> 200 (1ms)
[GET] /health -> 200 (1ms)
[GET] /health -> 200 (1ms)
[GET] /health -> 200 (0ms)
[GET] /api/stats/overview -> 304 (124196ms)
[GET] /api/stats/projects -> 304 (124196ms)
[GET] /health -> 200 (0ms)
[GET] /health -> 200 (1ms)
[GET] /health -> 200 (0ms)
[GET] /health -> 200 (0ms)
[GET] /health -> 200 (1ms)
[GET] /health -> 200 (0ms)
[GET] /health -> 200 (1ms)
[GET] /health -> 200 (0ms)
[GET] /health -> 200 (0ms)
[GET] /health -> 200 (0ms)
[GET] /health -> 200 (0ms)
[POST] /api/auth/login -> 201 (176ms)
[GET] /api/console/badges -> 200 (720ms)
[GET] /api/console/dashboard -> 200 (736ms)
[GET] /api/console/badges -> 304 (15ms)
[GET] /health -> 200 (0ms)
[GET] /api/admin/users?page=1&pageSize=20 -> 200 (197ms)
[GET] /api/console/badges -> 304 (8ms)
[GET] /health -> 200 (0ms)
[POST] /api/auth/login -> 401 (55ms)
[GET] /health -> 200 (0ms)
[GET] /health -> 200 (1ms)
[GET] /health -> 200 (0ms)
[GET] /health -> 200 (0ms)
[GET] /health -> 200 (0ms)
[GET] /health -> 200 (1ms)
[GET] /health -> 200 (0ms)
[GET] /health -> 200 (1ms)
[GET] /health -> 200 (1ms)
[GET] /health -> 200 (1ms)
[GET] /health -> 200 (0ms)
[GET] /uploads/1787584401898-338164498.png -> 200 (6ms)
[GET] /api/provider/catalog?page=1&pageSize=20 -> 200 (12ms)
[GET] /api/console/badges -> 200 (173ms)
[GET] /health -> 200 (0ms)
[GET] /health -> 200 (0ms)
[GET] /health -> 200 (0ms)
[GET] /health -> 200 (1ms)
[GET] /health -> 200 (1ms)
[GET] /health -> 200 (1ms)
[GET] /api/projects -> 200 (29ms)
[GET] /api/stats/projects -> 200 (30ms)
[GET] /api/templates/mine -> 200 (37ms)
[GET] /api/projects -> 200 (40ms)
[GET] /api/stats/overview -> 200 (35ms)
[GET] /api/stats/projects -> 200 (11ms)
[GET] /api/templates/mine -> 200 (18ms)
[GET] /uploads/1789315719323-850867922.jpg -> 200 (3ms)
[GET] /uploads/1787470181915-275543030.png -> 200 (22ms)
[GET] /uploads/1789311861359-207438302.png -> 200 (48ms)
[GET] /uploads/1789229967084-478724919.png -> 200 (65ms)
[GET] /api/stats/overview -> 200 (1143ms)
[GET] /health -> 200 (1ms)
[GET] /uploads/1789229967084-478724919.png -> 304 (1ms)
[GET] /uploads/1789311861359-207438302.png -> 304 (2ms)
[GET] /health -> 200 (1ms)
[GET] /api/provider/catalog?page=1&pageSize=20&kind=work -> 200 (211ms)
[GET] /uploads/1787470181915-275543030.png -> 304 (1ms)
[GET] /uploads/1787473480182-103620237.jpg -> 304 (2ms)
[GET] /uploads/1787468783180-738901649.jpg -> 304 (1ms)
[GET] /uploads/1789315719323-850867922.jpg -> 304 (1ms)
[GET] /uploads/1787473230898-128206875.webp -> 304 (1ms)
[GET] /health -> 200 (1ms)
[GET] /health -> 200 (1ms)
[GET] /health -> 200 (0ms)
[GET] /health -> 200 (1ms)
[GET] /health -> 200 (1ms)
[GET] /uploads/1787584401898-338164498.png -> 200 (6ms)
[GET] /api/provider/catalog?page=1&pageSize=20 -> 200 (1692ms)
[GET] /api/console/badges -> 200 (2932ms)
[GET] /health -> 200 (0ms)
[GET] /health -> 200 (0ms)
[GET] /health -> 200 (0ms)
[GET] /health -> 200 (0ms)
[GET] /health -> 200 (1ms)
[GET] /health -> 200 (1ms)
[GET] /uploads/1789229967084-478724919.png -> 304 (0ms)
[GET] /uploads/1789311861359-207438302.png -> 304 (1ms)
[GET] /health -> 200 (1ms)
[GET] /health -> 200 (0ms)
[GET] /health -> 200 (0ms)
[GET] /health -> 200 (1ms)
[GET] /health -> 200 (1ms)
[GET] /health -> 200 (0ms)
[GET] /health -> 200 (0ms)
[GET] /api/console/badges -> 200 (11ms)
[GET] /uploads/1787584401898-338164498.png -> 200 (5ms)
[GET] /api/provider/catalog?page=1&pageSize=20 -> 200 (11ms)
[GET] /health -> 200 (0ms)
[GET] /health -> 200 (1ms)
[GET] /health -> 200 (1ms)
[GET] /health -> 200 (1ms)
[GET] /health -> 200 (1ms)
[GET] /health -> 200 (0ms)
[GET] /health -> 200 (1ms)
[GET] /health -> 200 (0ms)
[GET] /health -> 200 (0ms)
[GET] /health -> 200 (0ms)
[POST] /api/auth/login -> 401 (56ms)
[POST] /api/auth/login -> 401 (53ms)
[GET] /health -> 200 (1ms)
[GET] /health -> 200 (1ms)
[GET] /health -> 200 (1ms)
[POST] /api/auth/login -> 401 (54ms)
[POST] /api/auth/login -> 401 (52ms)
[POST] /api/auth/login -> 401 (54ms)
[POST] /api/auth/login -> 401 (53ms)
[POST] /api/auth/login -> 401 (53ms)
[GET] /health -> 200 (0ms)
[GET] /health -> 200 (0ms)
[GET] /health -> 200 (1ms)
[GET] /health -> 200 (0ms)
[GET] /health -> 200 (0ms)
[GET] /health -> 200 (1ms)
[GET] /health -> 200 (1ms)
[GET] /uploads/1789229967084-478724919.png -> 304 (1ms)
[GET] /uploads/1789311861359-207438302.png -> 304 (2ms)
[GET] /health -> 200 (0ms)
[GET] /uploads/1787470181915-275543030.png -> 304 (1ms)
[GET] /uploads/1787468783180-738901649.jpg -> 304 (1ms)
[GET] /uploads/1787473480182-103620237.jpg -> 304 (2ms)
[GET] /uploads/1789315719323-850867922.jpg -> 304 (1ms)
[GET] /uploads/1787473230898-128206875.webp -> 304 (1ms)
[GET] /health -> 200 (0ms)
[GET] /health -> 200 (0ms)
[GET] /api/provider/catalog?page=1&pageSize=20&kind=work -> 304 (8ms)
[GET] /health -> 200 (1ms)
[GET] /api/console/badges -> 304 (12ms)
[GET] /health -> 200 (0ms)
[GET] /api/provider/catalog?page=1&pageSize=20 -> 304 (17ms)
[POST] /api/auth/login -> 201 (73ms)
[GET] /health -> 200 (0ms)
[GET] /uploads/1787584401898-338164498.png -> 200 (14ms)
[GET] /api/provider/orders?pageSize=5 -> 200 (32ms)
[GET] /api/provider/dashboard -> 200 (170ms)
[GET] /api/console/badges -> 200 (535ms)
[GET] /api/provider/services?pageSize=5 -> 200 (530ms)
[GET] /uploads/1787584401898-338164498.png -> 304 (1ms)
[GET] /api/provider/catalog?page=1&pageSize=20 -> 200 (296ms)
[GET] /uploads/1789229967084-478724919.png -> 200 (30ms)
[GET] /uploads/1789311861359-207438302.png -> 200 (40ms)
[GET] /health -> 200 (0ms)
[GET] /api/console/badges -> 304 (1015ms)
[GET] /uploads/1789315719323-850867922.jpg -> 200 (21ms)
[GET] /uploads/1787468783180-738901649.jpg -> 200 (24ms)
[GET] /uploads/1787473230898-128206875.webp -> 200 (22ms)
[GET] /uploads/1787470181915-275543030.png -> 200 (82ms)
[GET] /health -> 200 (1ms)
[GET] /health -> 200 (1ms)
[GET] /health -> 200 (1ms)
[GET] /health -> 200 (0ms)
[GET] /health -> 200 (0ms)
[GET] /health -> 200 (0ms)
[GET] /health -> 200 (0ms)
[GET] /health -> 200 (1ms)
[GET] /health -> 200 (0ms)
[GET] /health -> 200 (1ms)
[GET] /health -> 200 (1ms)
[GET] /health -> 200 (0ms)
[GET] /health -> 200 (1ms)
[GET] /health -> 200 (0ms)
[GET] /health -> 200 (0ms)
[GET] /health -> 200 (1ms)
[GET] /health -> 200 (1ms)
[GET] /health -> 200 (0ms)
[GET] /health -> 200 (1ms)
[GET] /health -> 200 (0ms)
[GET] /health -> 200 (0ms)
[GET] /health -> 200 (1ms)
[GET] /health -> 200 (1ms)
[GET] /health -> 200 (0ms)
[GET] /health -> 200 (0ms)
[GET] /health -> 200 (1ms)
[GET] /health -> 200 (1ms)
[GET] /health -> 200 (0ms)
[GET] /health -> 200 (0ms)
[GET] /health -> 200 (1ms)
[GET] /health -> 200 (0ms)
[GET] /health -> 200 (1ms)
[GET] /health -> 200 (0ms)
[GET] /health -> 200 (0ms)
[GET] /health -> 200 (0ms)
[GET] /health -> 200 (1ms)
[GET] /health -> 200 (0ms)
[GET] /health -> 200 (1ms)
[GET] /health -> 200 (0ms)
[GET] /health -> 200 (0ms)
[GET] /health -> 200 (1ms)
[GET] /health -> 200 (0ms)
[GET] /health -> 200 (1ms)
[GET] /health -> 200 (0ms)
[GET] /health -> 200 (0ms)
[GET] /health -> 200 (1ms)
[GET] /health -> 200 (1ms)
[GET] /health -> 200 (0ms)
[GET] /health -> 200 (1ms)
[GET] /health -> 200 (1ms)
[GET] /health -> 200 (0ms)
[GET] /health -> 200 (1ms)
[GET] /health -> 200 (0ms)
[GET] /health -> 200 (1ms)
[GET] /health -> 200 (1ms)
[GET] /health -> 200 (0ms)
[GET] /health -> 200 (1ms)
[GET] /health -> 200 (1ms)
[GET] /health -> 200 (1ms)
[GET] /health -> 200 (0ms)
[GET] /health -> 200 (1ms)
[GET] /health -> 200 (1ms)
[GET] /health -> 200 (0ms)
[GET] /health -> 200 (1ms)
[GET] /health -> 200 (0ms)
[GET] /health -> 200 (0ms)
[GET] /health -> 200 (0ms)
[GET] /health -> 200 (1ms)
[GET] /health -> 200 (0ms)
[GET] /health -> 200 (1ms)
[GET] /health -> 200 (0ms)
[GET] /health -> 200 (1ms)
[GET] /health -> 200 (0ms)
[GET] /health -> 200 (0ms)
[GET] /health -> 200 (1ms)
[GET] /health -> 200 (1ms)
[GET] /health -> 200 (0ms)
[GET] /health -> 200 (0ms)
[GET] /health -> 200 (1ms)
[GET] /health -> 200 (0ms)
[GET] /health -> 200 (0ms)
[GET] /health -> 200 (1ms)
[GET] /health -> 200 (1ms)
[GET] /health -> 200 (0ms)
[GET] /health -> 200 (0ms)
[GET] /health -> 200 (0ms)
[GET] /health -> 200 (1ms)
[GET] /health -> 200 (0ms)
[GET] /health -> 200 (0ms)
[GET] /health -> 200 (1ms)
[GET] /health -> 200 (0ms)
[GET] /health -> 200 (1ms)
[GET] /health -> 200 (1ms)
[GET] /health -> 200 (0ms)
[GET] /health -> 200 (0ms)
[GET] /health -> 200 (0ms)
[GET] /health -> 200 (0ms)
[GET] /health -> 200 (0ms)
[GET] /health -> 200 (1ms)
[GET] /health -> 200 (1ms)
[GET] /health -> 200 (1ms)
[GET] /health -> 200 (1ms)
[GET] /health -> 200 (1ms)
[GET] /health -> 200 (0ms)
[GET] /health -> 200 (0ms)
[GET] /health -> 200 (0ms)
[GET] /health -> 200 (0ms)
[GET] /health -> 200 (0ms)
[GET] /health -> 200 (0ms)
[GET] /health -> 200 (0ms)
[GET] /health -> 200 (1ms)
[GET] /health -> 200 (0ms)
[GET] /health -> 200 (0ms)
[GET] /api/stats/overview -> 401 (2ms)
[GET] /api/projects -> 401 (0ms)
[GET] /api/stats/projects -> 401 (0ms)
[GET] /api/templates/mine -> 401 (1ms)
[POST] /api/auth/refresh -> 201 (527ms)
[POST] /api/auth/refresh -> 201 (526ms)
[POST] /api/auth/refresh -> 201 (528ms)
[POST] /api/auth/refresh -> 201 (531ms)
[GET] /api/stats/projects -> 304 (747ms)
[GET] /api/projects -> 304 (752ms)
[GET] /api/templates/mine -> 304 (752ms)
[GET] /health -> 200 (0ms)
[GET] /health -> 200 (0ms)
[GET] /health -> 200 (1ms)
[GET] /health -> 200 (0ms)
[GET] /health -> 200 (1ms)
[GET] /health -> 200 (1ms)
[GET] /api/stats/projects -> 304 (8ms)
[GET] /api/templates/mine -> 304 (14ms)
[GET] /api/stats/projects -> 304 (6ms)
[GET] /api/templates/mine -> 304 (9ms)
[GET] /api/stats/overview -> 200 (134ms)
[GET] /api/projects -> 304 (137ms)
[GET] /api/stats/overview -> 304 (9ms)
[GET] /api/projects -> 304 (15ms)
[GET] /health -> 200 (0ms)
[GET] /health -> 200 (0ms)
[GET] /health -> 200 (0ms)
[GET] /health -> 200 (0ms)
[GET] /health -> 200 (0ms)
[GET] /health -> 200 (0ms)
[GET] /health -> 200 (1ms)
[GET] /api/console/badges -> 401 (1ms)
[GET] /api/provider/catalog?page=1&pageSize=20 -> 401 (1ms)
[GET] /uploads/1787584401898-338164498.png -> 304 (1ms)
[GET] /health -> 200 (1ms)
[GET] /health -> 200 (0ms)
[GET] /health -> 200 (1ms)
[GET] /health -> 200 (0ms)
[GET] /health -> 200 (0ms)
[GET] /health -> 200 (1ms)
[GET] /health -> 200 (1ms)
[GET] /health -> 200 (0ms)
[GET] /api/console/badges -> 401 (1ms)
[GET] /api/provider/catalog?page=1&pageSize=20 -> 401 (1ms)
[GET] /health -> 200 (1ms)
[GET] /health -> 200 (0ms)
[GET] /health -> 200 (0ms)
[GET] /api/stats/overview -> 304 (122125ms)
[GET] /health -> 200 (0ms)
[GET] /health -> 200 (0ms)
[GET] /health -> 200 (1ms)
[GET] /health -> 200 (1ms)
[GET] /health -> 200 (0ms)
[GET] /health -> 200 (1ms)
[GET] /health -> 200 (1ms)
[GET] /health -> 200 (0ms)
[GET] /health -> 200 (0ms)
[GET] /health -> 200 (0ms)
[GET] /health -> 200 (0ms)
[GET] /health -> 200 (1ms)
[GET] /health -> 200 (0ms)
[GET] /health -> 200 (1ms)
[GET] /health -> 200 (1ms)
[GET] /health -> 200 (0ms)
[GET] /health -> 200 (0ms)
[GET] /health -> 200 (0ms)
[GET] /health -> 200 (0ms)
[GET] /health -> 200 (0ms)
[GET] /health -> 200 (1ms)
[GET] /health -> 200 (1ms)
[GET] /api/stats/projects -> 304 (5ms)
[GET] /api/projects -> 304 (10ms)
[GET] /api/stats/overview -> 304 (9ms)
[GET] /api/templates/mine -> 304 (9ms)
[GET] /api/stats/projects -> 304 (5ms)
[GET] /api/projects -> 304 (8ms)
[GET] /api/stats/overview -> 304 (5ms)
[GET] /api/templates/mine -> 304 (14ms)
[GET] /api/console/badges -> 401 (1ms)
[GET] /api/provider/catalog?page=1&pageSize=20 -> 401 (1ms)
[GET] /uploads/1787584401898-338164498.png -> 304 (0ms)
[GET] /health -> 200 (1ms)
[GET] /api/projects -> 304 (7ms)
[GET] /api/stats/projects -> 304 (6ms)
[GET] /api/templates/mine -> 304 (6ms)
[GET] /api/stats/overview -> 304 (9ms)
[GET] /health -> 200 (1ms)
[GET] /health -> 200 (1ms)
[GET] /health -> 200 (1ms)
[GET] /health -> 200 (0ms)
[GET] /api/stats/projects -> 304 (4ms)
[GET] /api/stats/overview -> 304 (6ms)
[GET] /api/projects -> 304 (8ms)
[GET] /api/templates/mine -> 304 (8ms)
[GET] /health -> 200 (1ms)
[GET] /health -> 200 (1ms)
[GET] /health -> 200 (0ms)
[GET] /health -> 200 (0ms)
[GET] /health -> 200 (0ms)
[GET] /health -> 200 (0ms)
[GET] /api/stats/overview -> 304 (5ms)
[GET] /api/stats/projects -> 304 (6ms)
[GET] /api/projects -> 304 (8ms)
[GET] /api/templates/mine -> 304 (8ms)
[GET] /api/stats/projects -> 304 (3ms)
[GET] /api/stats/overview -> 304 (6ms)
[GET] /api/projects -> 304 (7ms)
[GET] /api/templates/mine -> 304 (6ms)
[GET] /health -> 200 (1ms)
[GET] /health -> 200 (1ms)
[GET] /api/stats/projects -> 304 (5ms)
[GET] /api/stats/overview -> 304 (7ms)
[GET] /api/projects -> 304 (9ms)
[GET] /api/templates/mine -> 304 (8ms)
[GET] /api/stats/projects -> 304 (5ms)
[GET] /api/stats/overview -> 304 (5ms)
[GET] /api/projects -> 304 (7ms)
[GET] /api/templates/mine -> 304 (6ms)
[GET] /health -> 200 (1ms)
[GET] /health -> 200 (1ms)
[GET] /api/stats/projects -> 304 (23ms)
[GET] /api/stats/projects -> 304 (4ms)
[GET] /api/templates/mine -> 304 (764ms)
[GET] /api/templates/mine -> 304 (7ms)
[GET] /api/projects -> 304 (1358ms)
[GET] /api/projects -> 304 (278ms)
[GET] /health -> 200 (0ms)
[GET] /health -> 200 (0ms)
[GET] /api/projects -> 304 (7ms)
[GET] /api/stats/projects -> 304 (5ms)
[GET] /api/stats/overview -> 200 (7ms)
[GET] /api/projects -> 304 (7ms)
[GET] /api/stats/projects -> 304 (4ms)
[GET] /api/templates/mine -> 304 (940ms)
[GET] /api/templates/mine -> 304 (7ms)
[GET] /api/stats/overview -> 304 (893ms)
[GET] /health -> 200 (0ms)
[GET] /health -> 200 (0ms)
[GET] /api/stats/projects -> 304 (7ms)
[GET] /api/templates/mine -> 304 (13ms)
[GET] /api/stats/projects -> 304 (4ms)
[GET] /api/templates/mine -> 304 (9ms)
[GET] /api/stats/overview -> 304 (422ms)
[GET] /api/stats/overview -> 304 (5ms)
[GET] /api/projects -> 304 (581ms)
[GET] /api/projects -> 304 (364ms)
[GET] /health -> 200 (0ms)
[GET] /health -> 200 (1ms)
[GET] /health -> 200 (1ms)
[GET] /health -> 200 (0ms)
[GET] /health -> 200 (1ms)
[GET] /health -> 200 (1ms)
[GET] /health -> 200 (1ms)
[GET] /health -> 200 (0ms)
[GET] /health -> 200 (1ms)
[GET] /health -> 200 (0ms)
[GET] /health -> 200 (0ms)
[GET] /health -> 200 (1ms)
[GET] /health -> 200 (0ms)
[GET] /health -> 200 (1ms)
[GET] /health -> 200 (0ms)
[GET] /health -> 200 (0ms)
[GET] /health -> 200 (1ms)
[GET] /health -> 200 (0ms)
[GET] /health -> 200 (1ms)
[GET] /health -> 200 (0ms)
[GET] /health -> 200 (1ms)
[GET] /health -> 200 (1ms)
[GET] /health -> 200 (1ms)
[GET] /health -> 200 (0ms)
[GET] /health -> 200 (1ms)
[GET] /health -> 200 (1ms)
[GET] /health -> 200 (0ms)
[GET] /health -> 200 (0ms)
[GET] /health -> 200 (1ms)
[GET] /health -> 200 (0ms)
[GET] /health -> 200 (1ms)
[GET] /health -> 200 (0ms)
[GET] /health -> 200 (0ms)
[GET] /health -> 200 (1ms)
[GET] /health -> 200 (1ms)
[GET] /health -> 200 (1ms)
[GET] /health -> 200 (0ms)
[GET] /health -> 200 (0ms)
[GET] /health -> 200 (0ms)
[GET] /health -> 200 (1ms)
[GET] /health -> 200 (1ms)
[GET] /health -> 200 (0ms)
[GET] /uploads/1787470181915-275543030.png -> 304 (0ms)
[GET] /uploads/1789229967084-478724919.png -> 304 (1ms)
[GET] /uploads/1789311861359-207438302.png -> 304 (1ms)
[GET] /uploads/1789315719323-850867922.jpg -> 304 (0ms)
[GET] /health -> 200 (0ms)
[GET] /health -> 200 (1ms)
[GET] /api/projects -> 304 (15ms)
[GET] /api/projects -> 304 (10ms)
[GET] /api/stats/overview -> 304 (1018ms)
[GET] /api/templates/mine -> 304 (1019ms)
[GET] /api/templates/mine -> 304 (8ms)
[GET] /api/stats/overview -> 304 (153ms)
[GET] /api/stats/projects -> 304 (1177ms)
[GET] /api/stats/projects -> 304 (281ms)
[GET] /health -> 200 (1ms)
[GET] /health -> 200 (0ms)
[GET] /health -> 200 (1ms)
[GET] /health -> 200 (0ms)
[GET] /health -> 200 (0ms)
[GET] /uploads/1789229967084-478724919.png -> 304 (1ms)
[GET] /uploads/1787470181915-275543030.png -> 304 (1ms)
[GET] /uploads/1789311861359-207438302.png -> 304 (0ms)
[GET] /uploads/1789315719323-850867922.jpg -> 304 (0ms)
[GET] /health -> 200 (1ms)
[GET] /health -> 200 (1ms)
[GET] /api/projects/cmtk0exqh00016nt33qf9elen -> 304 (10ms)
[GET] /health -> 200 (0ms)
[GET] /health -> 200 (0ms)
[GET] /api/projects/cmtk0exqh00016nt33qf9elen -> 304 (6ms)
[GET] /api/projects/cmtk0exqh00016nt33qf9elen -> 304 (10ms)
[POST] /api/auth/login -> 201 (322ms)
[GET] /api/provider/services?pageSize=5 -> 200 (15ms)
[GET] /uploads/1787584401898-338164498.png -> 200 (54ms)
[GET] /health -> 200 (1ms)
[GET] /uploads/1789315719323-850867922.jpg -> 304 (1ms)
[GET] /uploads/1787470181915-275543030.png -> 304 (0ms)
[GET] /api/provider/orders?pageSize=5 -> 200 (1349ms)
[GET] /api/provider/dashboard -> 200 (1677ms)
[GET] /api/console/badges -> 200 (2095ms)
[GET] /uploads/1787584401898-338164498.png -> 304 (1ms)
[GET] /api/console/badges -> 304 (20ms)
[GET] /api/provider/catalog?page=1&pageSize=20 -> 200 (17ms)
[GET] /uploads/1789229967084-478724919.png -> 200 (77ms)
[GET] /uploads/1789311861359-207438302.png -> 200 (115ms)
[GET] /api/stats/projects -> 304 (11ms)
[GET] /api/projects -> 304 (18ms)
[GET] /api/stats/overview -> 304 (17ms)
[GET] /api/templates/mine -> 304 (22ms)
[GET] /api/stats/projects -> 304 (9ms)
[GET] /api/projects -> 304 (12ms)
[GET] /health -> 200 (1ms)
[GET] /api/stats/overview -> 304 (6ms)
[GET] /api/templates/mine -> 304 (13ms)
[GET] /uploads/1789229967084-478724919.png -> 304 (1ms)
[GET] /uploads/1789311861359-207438302.png -> 304 (1ms)
[GET] /uploads/1789315719323-850867922.jpg -> 200 (3ms)
[GET] /uploads/1787470181915-275543030.png -> 200 (68ms)
[GET] /api/console/badges -> 401 (1ms)
[GET] /api/provider/catalog?page=1&pageSize=20 -> 401 (1ms)
[GET] /uploads/1787584401898-338164498.png -> 304 (0ms)
[GET] /health -> 200 (1ms)
[GET] /health -> 200 (1ms)
[GET] /api/projects/cmtk0exqh00016nt33qf9elen -> 304 (477ms)
[GET] /api/projects/cmtk0exqh00016nt33qf9elen -> 304 (6ms)
[GET] /api/projects/cmtk0exqh00016nt33qf9elen -> 304 (6ms)
[GET] /uploads/1789315719323-850867922.jpg -> 304 (0ms)
[GET] /uploads/1789315719323-850867922.jpg -> 304 (0ms)
[GET] /health -> 200 (1ms)
[GET] /health -> 200 (1ms)
[GET] /health -> 200 (0ms)
[PUT] /api/projects/cmtk0exqh00016nt33qf9elen/draft -> 200 (109ms)
[PUT] /api/projects/cmtk0exqh00016nt33qf9elen/draft -> 200 (273ms)
[GET] /api/projects -> 200 (9ms)
[GET] /api/projects -> 304 (10ms)
[GET] /health -> 200 (1ms)
[GET] /api/templates/mine -> 304 (450ms)
[GET] /api/templates/mine -> 304 (9ms)
[GET] /api/stats/overview -> 304 (845ms)
[GET] /api/stats/projects -> 200 (847ms)
[GET] /api/stats/projects -> 304 (7ms)
[GET] /uploads/1789315719323-850867922.jpg -> 304 (0ms)
[GET] /uploads/1789229967084-478724919.png -> 304 (1ms)
[GET] /uploads/1789311861359-207438302.png -> 304 (0ms)
[GET] /api/stats/overview -> 304 (755ms)
[GET] /health -> 200 (0ms)
[POST] /api/auth/login -> 401 (63ms)
[POST] /api/auth/login -> 401 (60ms)
[POST] /api/auth/login -> 401 (72ms)
[POST] /api/auth/login -> 401 (82ms)
[POST] /api/auth/login -> 401 (64ms)
[POST] /api/auth/login -> 201 (81ms)
[POST] /api/auth/login -> 401 (60ms)
[POST] /api/auth/login -> 401 (60ms)
[POST] /api/auth/login -> 401 (59ms)
[POST] /api/auth/login -> 429 (0ms)
[POST] /api/auth/login -> 429 (1ms)
[POST] /api/auth/login -> 429 (0ms)
[POST] /api/auth/login -> 429 (0ms)
[POST] /api/auth/login -> 429 (0ms)
[POST] /api/auth/login -> 429 (0ms)
[POST] /api/auth/login -> 429 (0ms)
[POST] /api/auth/login -> 429 (0ms)
[POST] /api/auth/login -> 429 (0ms)
[POST] /api/auth/login -> 429 (0ms)
[POST] /api/auth/login -> 429 (0ms)
[POST] /api/auth/login -> 429 (0ms)
[POST] /api/auth/login -> 429 (0ms)
[POST] /api/auth/login -> 429 (0ms)
[POST] /api/auth/login -> 429 (0ms)
[POST] /api/auth/login -> 429 (0ms)
[POST] /api/auth/login -> 429 (0ms)
[POST] /api/auth/login -> 429 (0ms)
[POST] /api/auth/login -> 429 (1ms)
[POST] /api/auth/login -> 429 (1ms)
[POST] /api/auth/login -> 429 (1ms)
[POST] /api/auth/login -> 429 (0ms)
[POST] /api/auth/login -> 429 (0ms)
[POST] /api/auth/login -> 429 (0ms)
[POST] /api/auth/login -> 429 (0ms)
[POST] /api/auth/login -> 429 (0ms)
[POST] /api/auth/login -> 429 (1ms)
[POST] /api/auth/login -> 429 (0ms)
[POST] /api/auth/login -> 429 (0ms)
[POST] /api/auth/login -> 429 (1ms)
[POST] /api/auth/login -> 429 (1ms)
[POST] /api/auth/login -> 429 (1ms)
[POST] /api/auth/login -> 429 (1ms)
[POST] /api/auth/login -> 429 (0ms)
[POST] /api/auth/login -> 429 (0ms)
[POST] /api/auth/login -> 429 (1ms)
[POST] /api/auth/login -> 429 (0ms)
[POST] /api/auth/login -> 429 (0ms)
[POST] /api/auth/login -> 429 (0ms)
[POST] /api/auth/login -> 429 (0ms)
[POST] /api/auth/login -> 429 (1ms)
[POST] /api/auth/login -> 429 (1ms)
[POST] /api/auth/login -> 429 (0ms)
[POST] /api/auth/login -> 429 (0ms)
[POST] /api/auth/login -> 429 (0ms)
[POST] /api/auth/login -> 429 (0ms)
[POST] /api/auth/login -> 429 (0ms)
[POST] /api/auth/login -> 429 (1ms)
[POST] /api/auth/login -> 429 (0ms)
[POST] /api/auth/login -> 429 (0ms)
[POST] /api/auth/login -> 429 (0ms)
[POST] /api/auth/login -> 429 (0ms)
[POST] /api/auth/login -> 429 (1ms)
[POST] /api/auth/login -> 429 (0ms)
[POST] /api/auth/login -> 429 (1ms)
[POST] /api/auth/login -> 429 (1ms)
[POST] /api/auth/login -> 429 (1ms)
[POST] /api/auth/login -> 429 (0ms)
[POST] /api/auth/login -> 429 (0ms)
[POST] /api/auth/login -> 429 (1ms)
[POST] /api/auth/login -> 429 (1ms)
[POST] /api/auth/login -> 429 (1ms)
[POST] /api/auth/login -> 429 (1ms)
[POST] /api/auth/login -> 429 (0ms)
[POST] /api/auth/login -> 429 (0ms)
[POST] /api/auth/login -> 429 (0ms)
[POST] /api/auth/login -> 429 (0ms)
[POST] /api/auth/login -> 429 (0ms)
[POST] /api/auth/login -> 429 (0ms)
[POST] /api/auth/login -> 429 (1ms)
[POST] /api/auth/login -> 429 (1ms)
[POST] /api/auth/login -> 429 (0ms)
[POST] /api/auth/login -> 429 (0ms)
[POST] /api/auth/login -> 429 (0ms)
[POST] /api/auth/login -> 429 (0ms)
[POST] /api/auth/login -> 429 (0ms)
[POST] /api/auth/login -> 429 (0ms)
[POST] /api/auth/login -> 429 (0ms)
[POST] /api/auth/login -> 429 (0ms)
[POST] /api/auth/login -> 429 (0ms)
[POST] /api/auth/login -> 429 (1ms)
[POST] /api/auth/login -> 429 (0ms)
[POST] /api/auth/login -> 429 (0ms)
[POST] /api/auth/login -> 429 (0ms)
[POST] /api/auth/login -> 429 (0ms)
[POST] /api/auth/login -> 429 (0ms)
[POST] /api/auth/login -> 429 (1ms)
[POST] /api/auth/login -> 429 (0ms)
[POST] /api/auth/login -> 429 (1ms)
[POST] /api/auth/login -> 429 (0ms)
[POST] /api/auth/login -> 429 (0ms)
[POST] /api/auth/login -> 429 (0ms)
[POST] /api/auth/login -> 429 (0ms)
[POST] /api/auth/login -> 429 (0ms)
[POST] /api/auth/login -> 429 (0ms)
[POST] /api/auth/login -> 429 (0ms)
[POST] /api/auth/login -> 429 (0ms)
[POST] /api/auth/login -> 429 (0ms)
[POST] /api/auth/login -> 429 (0ms)
[POST] /api/auth/login -> 429 (0ms)
[POST] /api/auth/login -> 429 (1ms)
[POST] /api/auth/login -> 429 (0ms)
[POST] /api/auth/login -> 429 (1ms)
[POST] /api/auth/login -> 429 (0ms)
[POST] /api/auth/login -> 429 (0ms)
[POST] /api/auth/login -> 429 (0ms)
[POST] /api/auth/login -> 429 (0ms)
[POST] /api/auth/login -> 429 (0ms)
[POST] /api/auth/login -> 429 (1ms)
[POST] /api/auth/login -> 429 (1ms)
[POST] /api/auth/login -> 429 (0ms)
[POST] /api/auth/login -> 429 (0ms)
[POST] /api/auth/login -> 429 (1ms)
[POST] /api/auth/login -> 429 (1ms)
[POST] /api/auth/login -> 429 (0ms)
[POST] /api/auth/login -> 429 (1ms)
[POST] /api/auth/login -> 429 (1ms)
[POST] /api/auth/login -> 429 (0ms)
[POST] /api/auth/login -> 429 (1ms)
[POST] /api/auth/login -> 429 (0ms)
[POST] /api/auth/login -> 429 (1ms)
[POST] /api/auth/login -> 429 (1ms)
[POST] /api/auth/login -> 429 (0ms)
[POST] /api/auth/login -> 429 (1ms)
[POST] /api/auth/login -> 429 (0ms)
[POST] /api/auth/login -> 429 (1ms)
[POST] /api/auth/login -> 429 (1ms)
[POST] /api/auth/login -> 429 (1ms)
[POST] /api/auth/login -> 429 (1ms)
[POST] /api/auth/login -> 429 (0ms)
[POST] /api/auth/login -> 429 (1ms)
[POST] /api/auth/login -> 429 (1ms)
[POST] /api/auth/login -> 429 (1ms)
[POST] /api/auth/login -> 429 (0ms)
[POST] /api/auth/login -> 429 (0ms)
[POST] /api/auth/login -> 429 (1ms)
[POST] /api/auth/login -> 429 (1ms)
[POST] /api/auth/login -> 429 (0ms)
[POST] /api/auth/login -> 429 (0ms)
[POST] /api/auth/login -> 429 (1ms)
[POST] /api/auth/login -> 429 (1ms)
[POST] /api/auth/login -> 429 (0ms)
[POST] /api/auth/login -> 429 (0ms)
[POST] /api/auth/login -> 429 (1ms)
[POST] /api/auth/login -> 429 (1ms)
[POST] /api/auth/login -> 429 (1ms)
[POST] /api/auth/login -> 429 (1ms)
[POST] /api/auth/login -> 429 (1ms)
[POST] /api/auth/login -> 429 (1ms)
[GET] /health -> 200 (0ms)
[GET] /health -> 200 (0ms)
[GET] /health -> 200 (0ms)
[GET] /health -> 200 (1ms)
[GET] /health -> 200 (0ms)
[GET] /health -> 200 (1ms)
[GET] /health -> 200 (0ms)
[GET] /health -> 200 (1ms)
[GET] /health -> 200 (1ms)
[GET] /health -> 200 (0ms)
[GET] /health -> 200 (0ms)
[GET] /health -> 200 (0ms)
[GET] /health -> 200 (0ms)
[GET] /health -> 200 (0ms)
[GET] /health -> 200 (1ms)
[GET] /health -> 200 (0ms)
[POST] /api/auth/login -> 201 (62ms)
[GET] /uploads/1787584401898-338164498.png -> 200 (6ms)
[GET] /api/provider/services?pageSize=5 -> 200 (10ms)
[GET] /api/console/badges -> 200 (740ms)
[GET] /api/provider/orders?pageSize=5 -> 200 (739ms)
[GET] /api/provider/dashboard -> 200 (756ms)
[GET] /health -> 200 (1ms)
[GET] /uploads/1787584401898-338164498.png -> 304 (1ms)
[GET] /api/provider/catalog?page=1&pageSize=20 -> 200 (13ms)
[GET] /api/console/badges -> 304 (28ms)
[GET] /uploads/1789229967084-478724919.png -> 200 (33ms)
[GET] /uploads/1789311861359-207438302.png -> 200 (37ms)
[GET] /health -> 200 (1ms)
[GET] /uploads/1789315719323-850867922.jpg -> 200 (2ms)
[GET] /uploads/1787470181915-275543030.png -> 200 (8ms)
[GET] /health -> 200 (0ms)
[GET] /health -> 200 (0ms)
[GET] /api/projects/cmtk0exqh00016nt33qf9elen -> 200 (8ms)
[GET] /api/projects/cmtk0exqh00016nt33qf9elen -> 304 (7ms)
[GET] /api/projects/cmtk0exqh00016nt33qf9elen -> 304 (6ms)
[GET] /uploads/1789315719323-850867922.jpg -> 304 (0ms)
[GET] /health -> 200 (0ms)
[GET] /health -> 200 (1ms)
[PUT] /api/projects/cmtk0exqh00016nt33qf9elen/draft -> 200 (266ms)
[GET] /api/stats/projects -> 200 (9ms)
[GET] /api/projects -> 200 (13ms)
[GET] /api/templates/mine -> 304 (14ms)
[GET] /api/stats/projects -> 304 (6ms)
[GET] /api/templates/mine -> 304 (8ms)
[GET] /api/projects -> 304 (11ms)
[GET] /api/stats/overview -> 304 (538ms)
[GET] /uploads/1789315719323-850867922.jpg -> 304 (0ms)
[GET] /uploads/1789311861359-207438302.png -> 304 (1ms)
[GET] /uploads/1789229967084-478724919.png -> 304 (1ms)
[GET] /api/stats/overview -> 304 (502ms)
[GET] /health -> 200 (1ms)
[GET] /health -> 200 (1ms)
[GET] /health -> 200 (0ms)
[GET] /health -> 200 (1ms)
[GET] /health -> 200 (0ms)
[GET] /health -> 200 (0ms)
[GET] /health -> 200 (0ms)
[GET] /health -> 200 (0ms)
[GET] /health -> 200 (0ms)
[GET] /health -> 200 (1ms)
[GET] /health -> 200 (0ms)
[GET] /health -> 200 (0ms)
[POST] /api/auth/login -> 201 (70ms)
[GET] /api/projects -> 200 (5ms)
[GET] /api/stats/projects -> 200 (5ms)
[GET] /api/projects -> 304 (4ms)
[GET] /api/stats/projects -> 304 (3ms)
[GET] /api/stats/overview -> 200 (248ms)
[GET] /api/stats/overview -> 304 (5ms)
[GET] /health -> 200 (0ms)
[GET] /api/stats/overview -> 304 (5ms)
[GET] /api/projects -> 304 (7ms)
[GET] /api/stats/projects -> 304 (6ms)
[GET] /api/stats/overview -> 304 (7ms)
[GET] /api/projects -> 304 (4ms)
[GET] /api/stats/projects -> 304 (5ms)
[GET] /health -> 200 (1ms)
[GET] /uploads/1787473230898-128206875.webp -> 304 (1ms)
[GET] /uploads/1787473480182-103620237.jpg -> 304 (1ms)
[GET] /uploads/1787468783180-738901649.jpg -> 304 (0ms)
[GET] /health -> 200 (1ms)
[GET] /health -> 200 (1ms)
[GET] /health -> 200 (0ms)
[GET] /api/templates -> 200 (43ms)
[GET] /api/templates -> 304 (21ms)
[GET] /health -> 200 (1ms)
[GET] /health -> 200 (0ms)
[GET] /health -> 200 (1ms)
[GET] /health -> 200 (0ms)
[GET] /api/provider/catalog?page=1&pageSize=20 -> 401 (1ms)
[GET] /health -> 200 (1ms)
[GET] /health -> 200 (1ms)
[GET] /health -> 200 (1ms)
[GET] /health -> 200 (1ms)
[GET] /uploads/1787584401898-338164498.png -> 304 (0ms)
[GET] /api/console/badges -> 304 (35ms)
[GET] /api/provider/services?pageSize=5 -> 200 (18ms)
[GET] /api/provider/dashboard -> 304 (46ms)
[GET] /api/provider/orders?pageSize=5 -> 304 (1212ms)
[GET] /health -> 200 (0ms)
[GET] /health -> 200 (1ms)
[GET] /health -> 200 (0ms)
[GET] /health -> 200 (0ms)
[GET] /health -> 200 (1ms)
[GET] /health -> 200 (0ms)
[GET] /health -> 200 (0ms)
[GET] /health -> 200 (0ms)
[GET] /api/provider/catalog?page=1&pageSize=20 -> 200 (14ms)
[GET] /health -> 200 (0ms)
[GET] /uploads/1789229967084-478724919.png -> 304 (0ms)
[GET] /uploads/1789311861359-207438302.png -> 304 (0ms)
[GET] /api/console/badges -> 304 (2802ms)
[GET] /api/console/badges -> 304 (11ms)
[GET] /health -> 200 (1ms)
[GET] /api/provider/catalog?page=1&pageSize=20&kind=work -> 200 (248ms)
[GET] /uploads/1787470181915-275543030.png -> 304 (1ms)
[GET] /uploads/1787468783180-738901649.jpg -> 304 (0ms)
[GET] /uploads/1787473480182-103620237.jpg -> 304 (0ms)
[GET] /uploads/1789315719323-850867922.jpg -> 304 (1ms)
[GET] /uploads/1787473230898-128206875.webp -> 304 (1ms)
[GET] /health -> 200 (1ms)
[GET] /health -> 200 (1ms)
[GET] /health -> 200 (0ms)
[GET] /health -> 200 (0ms)
[GET] /health -> 200 (1ms)
[GET] /health -> 200 (1ms)
[GET] /health -> 200 (1ms)
[GET] /api/provider/works/pv_prj_03 -> 200 (9ms)
[GET] /api/console/badges -> 304 (17ms)
[GET] /api/provider/works/pv_prj_03 -> 304 (6ms)
[GET] /api/console/badges -> 304 (13ms)
[GET] /api/console/badges -> 304 (13ms)
[GET] /api/console/badges -> 304 (13ms)
[GET] /api/provider/catalog?page=1&pageSize=20 -> 304 (15ms)
[GET] /health -> 200 (1ms)
[GET] /health -> 200 (0ms)
[GET] /api/provider/services?pageSize=200 -> 200 (10ms)
[GET] /api/console/badges -> 304 (14ms)
[GET] /api/provider/services?pageSize=200 -> 304 (9ms)
[GET] /api/console/badges -> 304 (13ms)
[GET] /api/console/badges -> 304 (16ms)
[GET] /api/console/badges -> 304 (15ms)
[GET] /uploads/1789311861359-207438302.png -> 304 (1ms)
[GET] /api/provider/catalog?page=1&pageSize=20 -> 304 (15ms)
[GET] /health -> 200 (1ms)
[GET] /api/provider/services?pageSize=200 -> 304 (12ms)
[GET] /api/console/badges -> 304 (16ms)
[GET] /api/provider/services?pageSize=200 -> 304 (11ms)
[GET] /api/console/badges -> 304 (12ms)
[GET] /health -> 200 (0ms)
[GET] /api/console/badges -> 304 (12ms)
[GET] /api/provider/catalog?page=1&pageSize=20 -> 304 (11ms)
[GET] /api/console/badges -> 304 (13ms)
[GET] /health -> 200 (1ms)
[GET] /health -> 200 (1ms)
[GET] /health -> 200 (1ms)
[GET] /health -> 200 (0ms)
[GET] /api/provider/works/cmtzy2ulj000ng8alj4v9ijvh -> 304 (5ms)
[GET] /api/console/badges -> 304 (12ms)
[GET] /api/provider/works/cmtzy2ulj000ng8alj4v9ijvh -> 304 (4ms)
[GET] /api/console/badges -> 304 (11ms)
[GET] /health -> 200 (0ms)
[GET] /api/console/badges -> 304 (11ms)
[GET] /api/console/badges -> 304 (13ms)
[GET] /uploads/1789311861359-207438302.png -> 304 (2ms)
[GET] /api/provider/catalog?page=1&pageSize=20 -> 304 (15ms)
[GET] /api/provider/works/cmu014rji0001hwt65a4fvgbf -> 200 (5ms)
[GET] /api/console/badges -> 304 (13ms)
[GET] /api/provider/works/cmu014rji0001hwt65a4fvgbf -> 304 (6ms)
[GET] /api/console/badges -> 304 (15ms)
[GET] /health -> 200 (1ms)
[GET] /api/console/badges -> 304 (12ms)
[GET] /api/console/badges -> 304 (15ms)
[GET] /api/provider/catalog?page=1&pageSize=20 -> 304 (15ms)
[GET] /api/provider/services?pageSize=200 -> 304 (10ms)
[GET] /api/console/badges -> 304 (13ms)
[GET] /api/provider/services?pageSize=200 -> 304 (10ms)
[GET] /api/console/badges -> 304 (10ms)
[GET] /api/console/badges -> 304 (12ms)
[GET] /api/console/badges -> 304 (13ms)
[GET] /health -> 200 (1ms)
[GET] /api/provider/catalog?page=1&pageSize=20 -> 304 (13ms)
[GET] /health -> 200 (1ms)
[GET] /health -> 200 (1ms)
[GET] /health -> 200 (0ms)
[GET] /health -> 200 (0ms)
[GET] /health -> 200 (0ms)
[GET] /api/projects -> 304 (11ms)
[GET] /api/templates/mine -> 304 (12ms)
[GET] /api/projects -> 304 (9ms)
[GET] /api/templates/mine -> 304 (9ms)
[GET] /api/stats/overview -> 304 (847ms)
[GET] /api/stats/overview -> 304 (346ms)
[GET] /health -> 200 (1ms)
[GET] /health -> 200 (0ms)
[GET] /health -> 200 (1ms)
[GET] /health -> 200 (0ms)
[GET] /api/stats/projects -> 200 (9ms)
[GET] /uploads/1789315719323-850867922.jpg -> 304 (1ms)
[GET] /uploads/1787470181915-275543030.png -> 304 (1ms)
[GET] /uploads/1789311861359-207438302.png -> 304 (0ms)
[GET] /health -> 200 (2ms)
[GET] /health -> 200 (1ms)
[GET] /api/projects/cmu014rji0001hwt65a4fvgbf -> 200 (7ms)
[GET] /api/projects/cmu014rji0001hwt65a4fvgbf -> 304 (6ms)
[GET] /api/projects/cmu014rji0001hwt65a4fvgbf -> 304 (6ms)
[GET] /health -> 200 (1ms)
[GET] /uploads/1789229967084-478724919.png -> 304 (1ms)
[GET] /health -> 200 (0ms)
[GET] /health -> 200 (1ms)
[PUT] /api/projects/cmu014rji0001hwt65a4fvgbf/draft -> 200 (72ms)
[GET] /health -> 200 (1ms)
[GET] /health -> 200 (0ms)
[PUT] /api/projects/cmu014rji0001hwt65a4fvgbf/draft -> 200 (12ms)
[GET] /health -> 200 (1ms)
[PUT] /api/projects/cmu014rji0001hwt65a4fvgbf/draft -> 200 (81ms)
[GET] /health -> 200 (1ms)
[GET] /health -> 200 (1ms)
[PUT] /api/projects/cmu014rji0001hwt65a4fvgbf/draft -> 200 (17ms)
[GET] /health -> 200 (0ms)
[GET] /health -> 200 (0ms)
[PUT] /api/projects/cmu014rji0001hwt65a4fvgbf/draft -> 200 (15ms)
[GET] /health -> 200 (1ms)
[PUT] /api/projects/cmu014rji0001hwt65a4fvgbf/draft -> 200 (13ms)
[PUT] /api/projects/cmu014rji0001hwt65a4fvgbf/draft -> 200 (187ms)
[GET] /health -> 200 (1ms)
[GET] /health -> 200 (0ms)
[GET] /health -> 200 (1ms)
[PUT] /api/projects/cmu014rji0001hwt65a4fvgbf/draft -> 200 (17ms)
[GET] /health -> 200 (1ms)
[PUT] /api/projects/cmu014rji0001hwt65a4fvgbf/draft -> 200 (192ms)
[GET] /health -> 200 (0ms)
[GET] /health -> 200 (0ms)
[POST] /api/assets/upload?width=768&height=1344 -> 201 (72ms)
[PUT] /api/projects/cmu014rji0001hwt65a4fvgbf/draft -> 200 (11ms)
[GET] /uploads/1789319703215-755470669.png -> 200 (58ms)
[GET] /uploads/1789319703215-755470669.png -> 304 (1ms)
[GET] /health -> 200 (1ms)
[GET] /health -> 200 (0ms)
[GET] /api/stats/projects -> 200 (122670ms)
[PUT] /api/projects/cmu014rji0001hwt65a4fvgbf/draft -> 200 (23ms)
[GET] /health -> 200 (0ms)
[GET] /health -> 200 (1ms)
[GET] /api/projects/cmu014rji0001hwt65a4fvgbf -> 200 (5ms)
[GET] /api/projects/cmu014rji0001hwt65a4fvgbf -> 304 (5ms)
[GET] /uploads/1789229967084-478724919.png -> 304 (0ms)
[GET] /uploads/1789319703215-755470669.png -> 304 (1ms)
[GET] /uploads/1789319703215-755470669.png -> 304 (1ms)
[GET] /health -> 200 (2ms)
[GET] /health -> 200 (0ms)
[PUT] /api/projects/cmu014rji0001hwt65a4fvgbf/draft -> 200 (14ms)
[GET] /health -> 200 (1ms)
[GET] /health -> 200 (1ms)
[PUT] /api/projects/cmu014rji0001hwt65a4fvgbf/draft -> 200 (13ms)
[GET] /health -> 200 (0ms)
[PUT] /api/projects/cmu014rji0001hwt65a4fvgbf/draft -> 200 (26ms)
[GET] /health -> 200 (0ms)
[GET] /health -> 200 (2ms)
[PUT] /api/projects/cmu014rji0001hwt65a4fvgbf/draft -> 200 (16ms)
[GET] /health -> 200 (1ms)
[GET] /health -> 200 (1ms)
[GET] /health -> 200 (1ms)
[PUT] /api/projects/cmu014rji0001hwt65a4fvgbf/draft -> 200 (17ms)
[GET] /health -> 200 (0ms)
[PUT] /api/projects/cmu014rji0001hwt65a4fvgbf/draft -> 200 (18ms)
[GET] /health -> 200 (1ms)
[GET] /health -> 200 (1ms)
[PUT] /api/projects/cmu014rji0001hwt65a4fvgbf/draft -> 200 (287ms)
[GET] /health -> 200 (0ms)
[GET] /health -> 200 (1ms)
[GET] /api/projects/cmu014rji0001hwt65a4fvgbf -> 200 (4ms)
[GET] /api/projects/cmu014rji0001hwt65a4fvgbf -> 304 (4ms)
[GET] /uploads/1789319703215-755470669.png -> 304 (1ms)
[GET] /health -> 200 (0ms)
[GET] /health -> 200 (1ms)
[GET] /health -> 200 (0ms)
[GET] /health -> 200 (0ms)
[GET] /health -> 200 (1ms)
[GET] /health -> 200 (1ms)
[GET] /health -> 200 (1ms)
[GET] /health -> 200 (1ms)
[GET] /health -> 200 (0ms)
[PUT] /api/projects/cmu014rji0001hwt65a4fvgbf/draft -> 200 (34ms)
[GET] /health -> 200 (0ms)
[PUT] /api/projects/cmu014rji0001hwt65a4fvgbf/draft -> 200 (297ms)
[GET] /health -> 200 (0ms)
[GET] /uploads/1789319703215-755470669.png -> 304 (0ms)
[GET] /health -> 200 (0ms)
[GET] /health -> 200 (1ms)
[PUT] /api/projects/cmu014rji0001hwt65a4fvgbf/draft -> 200 (15ms)
[GET] /health -> 200 (1ms)
[GET] /health -> 200 (0ms)
[GET] /health -> 200 (0ms)
[PUT] /api/projects/cmu014rji0001hwt65a4fvgbf/draft -> 200 (22ms)
[GET] /health -> 200 (0ms)
[GET] /health -> 200 (1ms)
[PUT] /api/projects/cmu014rji0001hwt65a4fvgbf/draft -> 200 (15ms)
[GET] /health -> 200 (0ms)
[PUT] /api/projects/cmu014rji0001hwt65a4fvgbf/draft -> 200 (1148ms)
[GET] /health -> 200 (1ms)
[GET] /health -> 200 (1ms)
[PUT] /api/projects/cmu014rji0001hwt65a4fvgbf/draft -> 200 (727ms)
[GET] /health -> 200 (2ms)
[GET] /health -> 200 (3ms)
[GET] /uploads/1789319703215-755470669.png -> 304 (1ms)
[GET] /health -> 200 (1ms)
[GET] /uploads/1789319703215-755470669.png -> 304 (0ms)
[GET] /health -> 200 (1ms)
[GET] /uploads/1789319703215-755470669.png -> 304 (1ms)
[GET] /health -> 200 (1ms)
[GET] /health -> 200 (0ms)
[GET] /health -> 200 (0ms)
[PUT] /api/projects/cmu014rji0001hwt65a4fvgbf/draft -> 200 (238ms)
[GET] /health -> 200 (0ms)
[PUT] /api/projects/cmu014rji0001hwt65a4fvgbf/draft -> 200 (16ms)
[GET] /health -> 200 (0ms)
[GET] /health -> 200 (0ms)
[GET] /health -> 200 (1ms)
[GET] /api/p/4036bd18 -> 200 (14ms)
[GET] /api/p/4036bd18 -> 304 (7ms)
[GET] /uploads/1787468783180-738901649.jpg -> 200 (2ms)
[GET] /public/music/warm.wav -> 206 (3ms)
[GET] /health -> 200 (1ms)
[PUT] /api/projects/cmu014rji0001hwt65a4fvgbf/draft -> 200 (16ms)
[PUT] /api/projects/cmu014rji0001hwt65a4fvgbf/draft -> 200 (27ms)
[GET] /uploads/1789319703215-755470669.png -> 304 (1ms)
[GET] /health -> 200 (2ms)
[GET] /health -> 200 (1ms)
[GET] /health -> 200 (1ms)
[PUT] /api/projects/cmu014rji0001hwt65a4fvgbf/draft -> 200 (18ms)
[GET] /health -> 200 (1ms)
[GET] /health -> 200 (1ms)
[GET] /health -> 200 (1ms)
[GET] /health -> 200 (1ms)
[PUT] /api/projects/cmu014rji0001hwt65a4fvgbf/draft -> 200 (22ms)
[GET] /health -> 200 (0ms)
[GET] /uploads/1789319703215-755470669.png -> 304 (0ms)
[GET] /health -> 200 (0ms)
[GET] /health -> 200 (2ms)
[GET] /health -> 200 (1ms)
[GET] /health -> 200 (0ms)
[GET] /api/templates/mine -> 304 (1555ms)
[GET] /api/templates/mine -> 304 (7ms)
[GET] /api/projects -> 200 (2000ms)
[GET] /api/projects -> 304 (647ms)
[GET] /health -> 200 (1ms)
[GET] /health -> 200 (0ms)
[GET] /health -> 200 (1ms)
[GET] /api/stats/projects -> 200 (6ms)
[GET] /health -> 200 (1ms)
[GET] /api/stats/overview -> 200 (2883ms)
[GET] /uploads/1789229967084-478724919.png -> 304 (1ms)
[GET] /uploads/1787470181915-275543030.png -> 304 (0ms)
[GET] /uploads/1789311861359-207438302.png -> 304 (1ms)
[GET] /uploads/1789315719323-850867922.jpg -> 304 (1ms)
[GET] /health -> 200 (0ms)
[GET] /api/provider/catalog?page=1&pageSize=20 -> 200 (19ms)
[GET] /uploads/1787584401898-338164498.png -> 304 (0ms)
[GET] /uploads/1789229967084-478724919.png -> 304 (1ms)
[GET] /uploads/1789311861359-207438302.png -> 304 (0ms)
[GET] /api/console/badges -> 304 (2806ms)
[GET] /api/provider/works/cmu014rji0001hwt65a4fvgbf -> 200 (7ms)
[GET] /api/console/badges -> 304 (13ms)
[GET] /api/provider/works/cmu014rji0001hwt65a4fvgbf -> 304 (6ms)
[GET] /api/console/badges -> 304 (15ms)
[GET] /health -> 200 (1ms)
[GET] /health -> 200 (1ms)
[GET] /health -> 200 (1ms)
[GET] /health -> 200 (1ms)
[GET] /api/provider/catalog?page=1&pageSize=20 -> 304 (16ms)
[GET] /api/console/badges -> 304 (24ms)
[GET] /api/console/badges -> 304 (30ms)
[GET] /health -> 200 (1ms)
[GET] /uploads/1787473230898-128206875.webp -> 304 (3ms)
[GET] /uploads/1789315719323-850867922.jpg -> 304 (3ms)
[GET] /uploads/1787470181915-275543030.png -> 304 (4ms)
[GET] /uploads/1787473480182-103620237.jpg -> 304 (4ms)
[GET] /uploads/1787468783180-738901649.jpg -> 304 (4ms)
[GET] /health -> 200 (1ms)
[GET] /health -> 200 (1ms)
[GET] /health -> 200 (0ms)
[POST] /api/auth/login -> 201 (149ms)
[GET] /api/console/badges -> 200 (13ms)
[GET] /uploads/1787584401898-338164498.png -> 200 (9ms)
[GET] /api/provider/services?pageSize=5 -> 200 (15ms)
[GET] /api/provider/orders?pageSize=5 -> 200 (18ms)
[GET] /api/provider/dashboard -> 200 (301ms)
[GET] /health -> 200 (0ms)
[GET] /uploads/1787584401898-338164498.png -> 304 (1ms)
[GET] /api/provider/catalog?page=1&pageSize=20 -> 200 (12ms)
[GET] /api/console/badges -> 304 (16ms)
[GET] /uploads/1789229967084-478724919.png -> 200 (36ms)
[GET] /uploads/1789311861359-207438302.png -> 200 (67ms)
[GET] /health -> 200 (0ms)
[GET] /uploads/1789315719323-850867922.jpg -> 200 (1ms)
[GET] /uploads/1787470181915-275543030.png -> 200 (8ms)
[GET] /health -> 200 (1ms)
[GET] /health -> 200 (1ms)
[GET] /health -> 200 (1ms)
[GET] /health -> 200 (1ms)
[GET] /health -> 200 (0ms)
[GET] /health -> 200 (0ms)
[GET] /health -> 200 (1ms)
[GET] /health -> 200 (1ms)
[GET] /health -> 200 (1ms)
[GET] /api/stats/projects -> 200 (123908ms)
[GET] /api/stats/overview -> 200 (123939ms)
[GET] /health -> 200 (1ms)
[GET] /health -> 200 (1ms)
[GET] /health -> 200 (1ms)
[GET] /health -> 200 (0ms)
[GET] /health -> 200 (0ms)
[GET] /health -> 200 (1ms)
[GET] /health -> 200 (1ms)
[GET] /health -> 200 (1ms)
[GET] /health -> 200 (0ms)
[GET] /health -> 200 (0ms)
[GET] /health -> 200 (1ms)
[POST] /api/templates/T-1008/use -> 201 (164ms)
[GET] /api/projects/cmu031pjq000nhwt658f8lsdi -> 200 (7ms)
[GET] /api/projects/cmu031pjq000nhwt658f8lsdi -> 304 (6ms)
[GET] /health -> 200 (1ms)
[GET] /api/projects -> 200 (11ms)
[GET] /api/stats/overview -> 200 (11ms)
[GET] /api/stats/overview -> 304 (4ms)
[GET] /api/projects -> 304 (8ms)
[GET] /api/templates/mine -> 200 (538ms)
[GET] /api/templates/mine -> 304 (10ms)
[GET] /api/stats/projects -> 200 (778ms)
[GET] /api/stats/projects -> 304 (5ms)
[GET] /uploads/1789229967084-478724919.png -> 304 (1ms)
[GET] /uploads/1789311861359-207438302.png -> 304 (1ms)
[GET] /uploads/1787470181915-275543030.png -> 304 (2ms)
[GET] /uploads/1789315719323-850867922.jpg -> 304 (2ms)
[GET] /health -> 200 (1ms)
[DELETE] /api/projects/cmu031pjq000nhwt658f8lsdi -> 200 (193ms)
[GET] /health -> 200 (0ms)
[GET] /health -> 200 (0ms)
[GET] /health -> 200 (0ms)
[GET] /health -> 200 (0ms)
[GET] /health -> 200 (1ms)
[GET] /health -> 200 (0ms)
[GET] /health -> 200 (0ms)
[GET] /health -> 200 (0ms)
[GET] /health -> 200 (1ms)
[GET] /health -> 200 (1ms)
[GET] /health -> 200 (0ms)
[GET] /health -> 200 (0ms)
[GET] /health -> 200 (0ms)
[GET] /health -> 200 (0ms)
[GET] /health -> 200 (1ms)
[POST] /api/auth/login -> 201 (66ms)
[GET] /uploads/1787584401898-338164498.png -> 200 (8ms)
[GET] /api/provider/services?pageSize=5 -> 200 (13ms)
[GET] /api/console/badges -> 200 (523ms)
[GET] /api/provider/orders?pageSize=5 -> 200 (522ms)
[GET] /api/provider/dashboard -> 200 (538ms)
[GET] /health -> 200 (1ms)
[GET] /uploads/1787584401898-338164498.png -> 304 (0ms)
[GET] /api/provider/catalog?page=1&pageSize=20 -> 200 (12ms)
[GET] /api/console/badges -> 304 (29ms)
[GET] /uploads/1789229967084-478724919.png -> 200 (29ms)
[GET] /uploads/1789311861359-207438302.png -> 200 (29ms)
[GET] /health -> 200 (1ms)
[GET] /uploads/1789315719323-850867922.jpg -> 200 (2ms)
[GET] /uploads/1787470181915-275543030.png -> 200 (6ms)
[GET] /health -> 200 (1ms)
[GET] /health -> 200 (0ms)
[GET] /health -> 200 (0ms)
[GET] /api/console/badges -> 304 (90ms)
[GET] /api/console/badges -> 304 (15ms)
[GET] /api/p/4036bd18 -> 200 (11ms)
[GET] /api/p/4036bd18 -> 304 (9ms)
[GET] /uploads/1787468783180-738901649.jpg -> 200 (2ms)
[GET] /public/music/warm.wav -> 206 (4ms)
[GET] /api/provider/works/cmu014rji0001hwt65a4fvgbf -> 304 (1768ms)
[GET] /api/provider/works/cmu014rji0001hwt65a4fvgbf -> 304 (5ms)
[GET] /health -> 200 (0ms)
[GET] /health -> 200 (1ms)
[GET] /health -> 200 (1ms)
[GET] /health -> 200 (1ms)
[GET] /health -> 200 (0ms)
[GET] /health -> 200 (1ms)
[GET] /health -> 200 (1ms)
[GET] /health -> 200 (1ms)
[GET] /health -> 200 (0ms)
[GET] /health -> 200 (0ms)
[GET] /api/console/badges -> 304 (15ms)
[GET] /api/console/badges -> 304 (14ms)
[GET] /api/provider/catalog?page=1&pageSize=20 -> 200 (16ms)
[GET] /health -> 200 (0ms)
[GET] /health -> 200 (1ms)
[GET] /health -> 200 (0ms)
[GET] /health -> 200 (0ms)
[GET] /health -> 200 (0ms)
[GET] /health -> 200 (0ms)
[GET] /health -> 200 (1ms)
[GET] /health -> 200 (1ms)
[GET] /health -> 200 (0ms)
[GET] /api/p/4036bd18 -> 200 (21ms)
[GET] /api/p/4036bd18 -> 304 (7ms)
[GET] /uploads/1787468783180-738901649.jpg -> 200 (1ms)
[GET] /public/music/warm.wav -> 206 (2ms)
[GET] /health -> 200 (1ms)
[GET] /health -> 200 (1ms)
[GET] /health -> 200 (1ms)
[GET] /health -> 200 (0ms)
[GET] /health -> 200 (1ms)
[GET] /api/p/15533c2c -> 200 (517ms)
[GET] /api/p/15533c2c -> 304 (6ms)
[GET] /uploads/1787473230898-128206875.webp -> 200 (1ms)
[GET] /uploads/1787503032655-574180386.mp3 -> 206 (3ms)
[GET] /uploads/1787473480182-103620237.jpg -> 200 (73ms)
[GET] /health -> 200 (1ms)
[GET] /health -> 200 (0ms)
[GET] /health -> 200 (0ms)
[GET] /health -> 200 (1ms)
[GET] /health -> 200 (1ms)
[GET] /health -> 200 (0ms)
[GET] /api/p/4036bd18 -> 200 (12ms)
[GET] /api/p/4036bd18 -> 304 (8ms)
[GET] /uploads/1787468783180-738901649.jpg -> 200 (1ms)
[GET] /public/music/warm.wav -> 206 (3ms)
[GET] /health -> 200 (0ms)
[GET] /health -> 200 (0ms)
[GET] /health -> 200 (0ms)
[GET] /health -> 200 (1ms)
[GET] /health -> 200 (0ms)
[GET] /health -> 200 (0ms)
[GET] /health -> 200 (0ms)
[GET] /health -> 200 (0ms)
[GET] /api/provider/works/cmu014rji0001hwt65a4fvgbf -> 304 (6ms)
[GET] /api/provider/works/cmu014rji0001hwt65a4fvgbf -> 304 (5ms)
[GET] /api/console/badges -> 304 (3345ms)
[GET] /api/console/badges -> 304 (14ms)
[GET] /health -> 200 (0ms)
[GET] /health -> 200 (1ms)
[GET] /health -> 200 (0ms)
[GET] /health -> 200 (1ms)
[GET] /health -> 200 (1ms)
[GET] /health -> 200 (0ms)
[GET] /health -> 200 (0ms)
[GET] /api/console/badges -> 304 (11ms)
[GET] /api/console/badges -> 304 (12ms)
[GET] /api/provider/catalog?page=1&pageSize=20 -> 200 (1397ms)
[GET] /health -> 200 (1ms)
[GET] /health -> 200 (1ms)
[GET] /health -> 200 (0ms)
[GET] /health -> 200 (1ms)
[GET] /health -> 200 (1ms)
[GET] /health -> 200 (1ms)
[GET] /health -> 200 (0ms)
[GET] /health -> 200 (1ms)
[GET] /health -> 200 (1ms)
[GET] /health -> 200 (0ms)
[GET] /health -> 200 (0ms)
[GET] /health -> 200 (0ms)
[GET] /health -> 200 (0ms)
[GET] /health -> 200 (0ms)
[GET] /health -> 200 (0ms)
[GET] /health -> 200 (1ms)
[GET] /health -> 200 (1ms)
[GET] /health -> 200 (0ms)
[GET] /health -> 200 (1ms)
[GET] /health -> 200 (0ms)
[GET] /health -> 200 (1ms)
[GET] /health -> 200 (0ms)
[GET] /health -> 200 (1ms)
[GET] /health -> 200 (1ms)
[GET] /health -> 200 (0ms)
[GET] /health -> 200 (0ms)
[GET] /health -> 200 (0ms)
[GET] /health -> 200 (0ms)
[GET] /health -> 200 (1ms)
[GET] /health -> 200 (0ms)
[GET] /health -> 200 (0ms)
[GET] /health -> 200 (0ms)
[GET] /api/console/badges -> 304 (11ms)
[GET] /api/provider/catalog?page=1&pageSize=20 -> 304 (1974ms)
[GET] /health -> 200 (0ms)
[GET] /health -> 200 (1ms)
[GET] /health -> 200 (0ms)
[GET] /health -> 200 (0ms)
[GET] /health -> 200 (1ms)
[GET] /health -> 200 (1ms)
[GET] /health -> 200 (1ms)
[GET] /health -> 200 (1ms)
[GET] /health -> 200 (0ms)
[GET] /health -> 200 (0ms)
[GET] /health -> 200 (1ms)
[GET] /health -> 200 (0ms)
[GET] /health -> 200 (0ms)
[GET] /health -> 200 (1ms)
[GET] /health -> 200 (1ms)
[POST] /api/auth/login -> 201 (132ms)
[GET] /uploads/1787584401898-338164498.png -> 200 (5ms)
[GET] /api/provider/dashboard -> 200 (214ms)
[GET] /api/provider/services?pageSize=5 -> 200 (1094ms)
[GET] /api/provider/orders?pageSize=5 -> 200 (1344ms)
[GET] /api/console/badges -> 200 (1480ms)
[GET] /uploads/1787584401898-338164498.png -> 304 (0ms)
[GET] /api/console/badges -> 304 (11ms)
[GET] /api/provider/catalog?page=1&pageSize=20 -> 200 (10ms)
[GET] /uploads/1789311861359-207438302.png -> 200 (28ms)
[GET] /uploads/1789229967084-478724919.png -> 200 (30ms)
[GET] /health -> 200 (0ms)
[GET] /uploads/1789315719323-850867922.jpg -> 200 (2ms)
[GET] /uploads/1787468783180-738901649.jpg -> 200 (3ms)
[GET] /uploads/1787470181915-275543030.png -> 200 (8ms)
[GET] /uploads/1787473480182-103620237.jpg -> 200 (28ms)
[GET] /health -> 200 (1ms)
[GET] /health -> 200 (0ms)
[POST] /api/auth/login -> 201 (63ms)
[GET] /api/console/badges -> 200 (12ms)
[GET] /api/console/dashboard -> 200 (428ms)
[GET] /health -> 200 (0ms)
[GET] /api/console/badges -> 304 (10ms)
[GET] /api/admin/users?page=1&pageSize=10 -> 200 (16ms)
[GET] /api/console/badges -> 304 (9ms)
[GET] /api/admin/provider-review?page=1&pageSize=10 -> 200 (200ms)
[GET] /health -> 200 (1ms)
[GET] /api/admin/withdrawals?page=1&pageSize=10 -> 200 (613ms)
[GET] /api/console/badges -> 304 (1738ms)
[GET] /api/console/badges -> 304 (9ms)
[GET] /api/messages -> 200 (76ms)
[GET] /api/messages -> 304 (6ms)
[GET] /health -> 200 (1ms)
[GET] /api/console/badges -> 304 (9ms)
[GET] /api/console/badges -> 304 (9ms)
[GET] /api/console/badges -> 304 (10ms)
[GET] /api/templates/admin?status=all&keyword=&pageSize=20 -> 200 (14ms)
[GET] /health -> 200 (0ms)
[GET] /api/console/badges -> 304 (10ms)
[GET] /api/admin/orders?page=1&pageSize=10 -> 200 (403ms)
[GET] /api/console/badges -> 304 (9ms)
[GET] /api/admin/wallets?page=1&pageSize=20 -> 200 (13ms)
[GET] /health -> 200 (0ms)
[GET] /api/console/badges -> 304 (9ms)
[GET] /api/regions/tree -> 200 (95ms)
[GET] /api/regions/tree -> 304 (25ms)
[GET] /health -> 200 (0ms)
[GET] /health -> 200 (0ms)
[GET] /health -> 200 (1ms)
[POST] /api/auth/login -> 201 (128ms)
[GET] /api/stats/projects -> 200 (331ms)
[GET] /api/projects -> 200 (333ms)
[GET] /api/stats/overview -> 200 (333ms)
[GET] /api/stats/projects -> 304 (5ms)
[GET] /api/projects -> 304 (69ms)
[GET] /api/stats/overview -> 304 (71ms)
[GET] /health -> 200 (0ms)
[GET] /api/stats/projects -> 304 (5ms)
[GET] /api/stats/projects -> 304 (4ms)
[GET] /api/stats/overview -> 304 (15ms)
[GET] /api/projects -> 304 (16ms)
[GET] /api/projects -> 304 (5ms)
[GET] /api/stats/overview -> 304 (9ms)
[GET] /health -> 200 (0ms)
[GET] /health -> 200 (0ms)
[GET] /health -> 200 (0ms)
[GET] /health -> 200 (1ms)
[GET] /health -> 200 (1ms)
[GET] /health -> 200 (1ms)
[GET] /health -> 200 (1ms)
[GET] /health -> 200 (0ms)
[GET] /health -> 200 (0ms)
[GET] /api/console/badges -> 304 (177ms)
[GET] /health -> 200 (0ms)
[GET] /api/console/badges -> 304 (14ms)
[GET] /api/console/badges -> 304 (11ms)
[GET] /api/provider/services?pageSize=200 -> 200 (12ms)
[GET] /api/provider/services?pageSize=200 -> 304 (9ms)
[GET] /health -> 200 (1ms)
[GET] /api/console/badges -> 304 (14ms)
[GET] /api/console/badges -> 304 (16ms)
[GET] /uploads/1789311861359-207438302.png -> 304 (2ms)
[GET] /uploads/1789229967084-478724919.png -> 304 (1ms)
[GET] /api/provider/catalog?page=1&pageSize=20 -> 304 (17ms)
[GET] /health -> 200 (0ms)
[GET] /api/provider/services?pageSize=200 -> 304 (10ms)
[GET] /api/provider/services?pageSize=200 -> 304 (9ms)
[GET] /api/console/badges -> 304 (45ms)
[GET] /api/console/badges -> 304 (12ms)
[GET] /api/console/badges -> 304 (13ms)
[GET] /api/console/badges -> 304 (14ms)
[GET] /uploads/1789311861359-207438302.png -> 304 (0ms)
[GET] /api/provider/catalog?page=1&pageSize=20 -> 304 (16ms)
[GET] /health -> 200 (1ms)
[GET] /health -> 200 (1ms)
[GET] /health -> 200 (0ms)
[GET] /health -> 200 (0ms)
[GET] /health -> 200 (1ms)
[GET] /health -> 200 (0ms)
[GET] /health -> 200 (1ms)
[POST] /api/auth/login -> 401 (58ms)
[GET] /api/templates -> 200 (15ms)
[GET] /api/templates -> 304 (13ms)
[GET] /uploads/1789229967084-478724919.png -> 200 (14ms)
[GET] /health -> 200 (0ms)
[GET] /api/templates -> 304 (14ms)
[GET] /api/templates -> 304 (12ms)
[GET] /uploads/1789229967084-478724919.png -> 304 (1ms)
[GET] /health -> 200 (0ms)
[GET] /health -> 200 (0ms)
[GET] /health -> 200 (0ms)
[GET] /health -> 200 (1ms)
[GET] /health -> 200 (0ms)
[GET] /health -> 200 (1ms)
[GET] /health -> 200 (0ms)
[POST] /api/auth/login -> 201 (70ms)
[GET] /api/projects -> 200 (6ms)
[GET] /api/stats/projects -> 200 (5ms)
[GET] /api/stats/projects -> 304 (3ms)
[GET] /api/projects -> 304 (5ms)
[GET] /api/stats/overview -> 200 (58ms)
[GET] /api/stats/overview -> 304 (5ms)
[GET] /health -> 200 (0ms)
[GET] /api/templates -> 200 (13ms)
[GET] /api/templates -> 304 (14ms)
[GET] /uploads/1789229967084-478724919.png -> 200 (31ms)
[GET] /api/templates -> 304 (13ms)
[GET] /api/templates -> 304 (11ms)
[GET] /uploads/1789229967084-478724919.png -> 304 (0ms)
[GET] /health -> 200 (0ms)
[GET] /api/projects -> 304 (5ms)
[GET] /api/stats/projects -> 304 (5ms)
[GET] /api/stats/overview -> 304 (6ms)
[GET] /api/stats/projects -> 304 (5ms)
[GET] /api/projects -> 304 (9ms)
[GET] /api/stats/overview -> 304 (7ms)
[GET] /health -> 200 (0ms)
[GET] /health -> 200 (0ms)
[GET] /health -> 200 (0ms)
[GET] /health -> 200 (0ms)
[GET] /health -> 200 (1ms)
[GET] /health -> 200 (0ms)
[GET] /health -> 200 (0ms)
[GET] /health -> 200 (1ms)
[GET] /health -> 200 (1ms)
[GET] /health -> 200 (0ms)
[GET] /health -> 200 (0ms)
[GET] /health -> 200 (1ms)
[POST] /api/auth/login -> 201 (71ms)
[GET] /api/projects -> 200 (5ms)
[GET] /api/stats/overview -> 200 (5ms)
[GET] /api/stats/projects -> 200 (6ms)
[GET] /api/projects -> 304 (5ms)
[GET] /api/stats/projects -> 304 (4ms)
[GET] /api/stats/overview -> 304 (7ms)
[GET] /health -> 200 (0ms)
[GET] /api/templates -> 200 (13ms)
[GET] /api/templates -> 304 (13ms)
[GET] /uploads/1789229967084-478724919.png -> 200 (17ms)
[GET] /health -> 200 (1ms)
[GET] /api/templates -> 304 (14ms)
[GET] /api/templates -> 304 (14ms)
[GET] /uploads/1789229967084-478724919.png -> 304 (1ms)
[GET] /api/projects -> 304 (5ms)
[GET] /api/stats/projects -> 304 (5ms)
[GET] /api/stats/overview -> 304 (6ms)
[GET] /api/stats/projects -> 304 (4ms)
[GET] /api/projects -> 304 (7ms)
[GET] /api/stats/overview -> 304 (6ms)
[GET] /health -> 200 (0ms)
[GET] /health -> 200 (0ms)
[GET] /health -> 200 (0ms)
[GET] /health -> 200 (0ms)
[GET] /health -> 200 (0ms)
[POST] /api/auth/login -> 201 (72ms)
[GET] /api/projects -> 200 (4ms)
[GET] /api/stats/overview -> 200 (6ms)
[GET] /api/stats/projects -> 200 (6ms)
[GET] /api/projects -> 304 (5ms)
[GET] /api/stats/overview -> 304 (5ms)
[GET] /api/stats/projects -> 304 (5ms)
[GET] /health -> 200 (1ms)
[GET] /api/templates -> 200 (13ms)
[GET] /api/templates -> 304 (12ms)
[GET] /uploads/1789229967084-478724919.png -> 200 (14ms)
[GET] /api/templates -> 304 (13ms)
[GET] /api/templates -> 304 (14ms)
[GET] /uploads/1789229967084-478724919.png -> 304 (0ms)
[GET] /health -> 200 (0ms)
[GET] /api/stats/overview -> 304 (4ms)
[GET] /api/projects -> 304 (5ms)
[GET] /api/stats/projects -> 304 (5ms)
[GET] /api/stats/overview -> 304 (5ms)
[GET] /api/stats/projects -> 304 (4ms)
[GET] /api/projects -> 304 (6ms)
[GET] /health -> 200 (0ms)
[GET] /health -> 200 (1ms)
[GET] /health -> 200 (0ms)
[GET] /health -> 200 (0ms)
[GET] /health -> 200 (0ms)
[GET] /health -> 200 (1ms)
[GET] /health -> 200 (0ms)
[GET] /health -> 200 (1ms)
[GET] /health -> 200 (0ms)
[GET] /health -> 200 (0ms)
[GET] /health -> 200 (1ms)
[GET] /health -> 200 (0ms)
[GET] /health -> 200 (1ms)
[GET] /health -> 200 (0ms)
[GET] /health -> 200 (1ms)
[GET] /health -> 200 (0ms)
[GET] /health -> 200 (0ms)
[GET] /health -> 200 (0ms)
[GET] /health -> 200 (1ms)
[GET] /health -> 200 (0ms)
[GET] /health -> 200 (0ms)
[GET] /health -> 200 (1ms)
[GET] /health -> 200 (0ms)
[GET] /health -> 200 (1ms)
[GET] /health -> 200 (1ms)
[GET] /health -> 200 (0ms)
[GET] /health -> 200 (1ms)
[GET] /health -> 200 (0ms)
[GET] /health -> 200 (0ms)
[GET] /health -> 200 (1ms)
[GET] /health -> 200 (0ms)
[GET] /health -> 200 (1ms)
[GET] /health -> 200 (1ms)
[GET] /health -> 200 (1ms)
[GET] /uploads/1789315719323-850867922.jpg -> 304 (0ms)
[GET] /uploads/1787473230898-128206875.webp -> 304 (1ms)
[GET] /uploads/1787470181915-275543030.png -> 304 (1ms)
[GET] /uploads/1787473480182-103620237.jpg -> 304 (1ms)
[GET] /uploads/1787468783180-738901649.jpg -> 304 (2ms)
[GET] /health -> 200 (0ms)
[GET] /api/console/badges -> 304 (1625ms)
[GET] /health -> 200 (1ms)
[GET] /health -> 200 (0ms)
[GET] /health -> 200 (0ms)
[GET] /uploads/1787473230898-128206875.webp -> 304 (1ms)
[GET] /uploads/1787473480182-103620237.jpg -> 304 (0ms)
[GET] /health -> 200 (0ms)
[GET] /health -> 200 (0ms)
[GET] /health -> 200 (1ms)
[GET] /health -> 200 (1ms)
[GET] /health -> 200 (0ms)
[GET] /health -> 200 (0ms)
[GET] /health -> 200 (0ms)
[GET] /health -> 200 (1ms)
[GET] /health -> 200 (0ms)
[GET] /health -> 200 (1ms)
[GET] /health -> 200 (0ms)
[GET] /health -> 200 (1ms)
[GET] /health -> 200 (0ms)
[GET] /health -> 200 (1ms)
[GET] /health -> 200 (0ms)
[GET] /health -> 200 (1ms)
[GET] /health -> 200 (1ms)
[GET] /health -> 200 (1ms)
[GET] /health -> 200 (1ms)
[GET] /health -> 200 (0ms)
[GET] /health -> 200 (1ms)
[GET] /health -> 200 (1ms)
[GET] /health -> 200 (1ms)
[GET] /health -> 200 (0ms)
[GET] /health -> 200 (0ms)
[GET] /health -> 200 (1ms)
[GET] /health -> 200 (0ms)
[GET] /health -> 200 (1ms)
[GET] /health -> 200 (1ms)
[GET] /health -> 200 (1ms)
[GET] /health -> 200 (1ms)
[GET] /health -> 200 (0ms)
[GET] /health -> 200 (0ms)
[GET] /health -> 200 (0ms)
[GET] /health -> 200 (2ms)
[GET] /health -> 200 (0ms)
[GET] /health -> 200 (1ms)
[GET] /health -> 200 (0ms)
[GET] /health -> 200 (0ms)
[GET] /health -> 200 (1ms)
[GET] /health -> 200 (1ms)
[GET] /health -> 200 (1ms)
[GET] /health -> 200 (0ms)
[GET] /health -> 200 (1ms)
[GET] /health -> 200 (0ms)
[GET] /health -> 200 (1ms)
[GET] /health -> 200 (1ms)
[GET] /health -> 200 (1ms)
[GET] /health -> 200 (1ms)
[GET] /api/console/badges -> 304 (14ms)
[GET] /api/console/badges -> 304 (12ms)
[GET] /api/provider/works/cmu014rji0001hwt65a4fvgbf -> 304 (714ms)
[GET] /api/provider/works/cmu014rji0001hwt65a4fvgbf -> 304 (7ms)
[GET] /health -> 200 (1ms)
[GET] /api/console/badges -> 304 (13ms)
[GET] /api/console/badges -> 304 (13ms)
[GET] /api/provider/catalog?page=1&pageSize=20 -> 304 (17ms)
[GET] /health -> 200 (0ms)
[GET] /health -> 200 (1ms)
[GET] /health -> 200 (1ms)
[GET] /health -> 200 (1ms)
[GET] /health -> 200 (1ms)
[GET] /health -> 200 (0ms)
[GET] /uploads/1787468783180-738901649.jpg -> 304 (1ms)
[GET] /health -> 200 (1ms)
[GET] /health -> 200 (1ms)
[GET] /health -> 200 (0ms)
[GET] /health -> 200 (1ms)
[GET] /health -> 200 (1ms)
[GET] /health -> 200 (0ms)
[GET] /health -> 200 (0ms)
[GET] /health -> 200 (1ms)
[GET] /health -> 200 (0ms)
[GET] /health -> 200 (1ms)
[GET] /api/templates -> 200 (1772ms)
[GET] /api/templates -> 304 (17ms)
[GET] /api/templates -> 304 (22ms)
[GET] /api/templates -> 304 (23ms)
[GET] /health -> 200 (0ms)
[GET] /api/stats/overview -> 200 (646ms)
[GET] /api/stats/overview -> 304 (37ms)
[GET] /health -> 200 (1ms)
[GET] /api/templates/mine -> 304 (920ms)
[GET] /api/templates/mine -> 304 (10ms)
[GET] /health -> 200 (0ms)
[GET] /health -> 200 (1ms)
[GET] /health -> 200 (1ms)
[GET] /api/stats/projects -> 200 (16ms)
[GET] /api/projects -> 200 (272ms)
[GET] /health -> 200 (1ms)
[GET] /uploads/1789315719323-850867922.jpg -> 304 (0ms)
[GET] /uploads/1789229967084-478724919.png -> 304 (0ms)
[GET] /uploads/1787470181915-275543030.png -> 304 (0ms)
[GET] /uploads/1789311861359-207438302.png -> 304 (1ms)
[GET] /health -> 200 (1ms)
[GET] /health -> 200 (0ms)
[GET] /health -> 200 (1ms)
[GET] /health -> 200 (0ms)
[GET] /health -> 200 (1ms)
[GET] /health -> 200 (1ms)
[GET] /health -> 200 (1ms)
[GET] /health -> 200 (0ms)
[GET] /health -> 200 (1ms)
[GET] /health -> 200 (1ms)
[GET] /health -> 200 (0ms)
[GET] /health -> 200 (1ms)
[GET] /health -> 200 (1ms)
[GET] /health -> 200 (0ms)
[GET] /health -> 200 (0ms)
[GET] /health -> 200 (1ms)
[GET] /health -> 200 (0ms)
[GET] /health -> 200 (1ms)
[GET] /health -> 200 (0ms)
[GET] /health -> 200 (1ms)
[GET] /api/stats/projects -> 200 (122885ms)
[GET] /api/projects -> 200 (122891ms)
[GET] /health -> 200 (0ms)
[GET] /health -> 200 (0ms)
[GET] /health -> 200 (0ms)
[GET] /health -> 200 (0ms)
[GET] /health -> 200 (1ms)
[GET] /health -> 200 (0ms)
[GET] /health -> 200 (0ms)
[GET] /health -> 200 (0ms)
